-5.0378,-5.03779,-4.95263,-4.92646,-4.91691,-4.9122,-4.909,-4.90631,-4.90378,-4.90135,-4.89898,-4.89669,-4.8945,-4.89245,-4.8906,-4.88898,-4.88763,-4.88653,-4.88571,-4.88516,-4.8849,-4.88494,-4.88527,-4.88587,-4.88672,-4.88781,-4.88911,-4.89062,-4.89232,-4.89418,-4.89618,-4.89829,-4.9005,-4.90279,-4.90513,-4.90752,-4.90992,-4.91233,-4.91472,-4.91708,-4.9194,-4.92165,-4.92384,-4.92595,-4.92798,-4.9299,-4.93171,-4.93341,-4.93498,-4.93643,-4.93775,-4.93893,-4.93996,-4.94086,-4.94162,-4.94223,-4.94269,-4.94299,-4.94315,-4.94317,-4.94303,-4.94274,-4.94231,-4.94172,-4.94099,-4.94011,-4.93908,-4.9379,-4.93657,-4.93508,-4.93344,-4.93163,-4.92966,-4.92751,-4.92516,-4.92262,-4.91984,-4.91682,-4.91351,-4.90986,-4.90584,-4.90137,-4.89637,-4.89073,-4.88435,-4.87706,-4.86869,-4.85899,-4.84771,-4.83452,-4.819,-4.80066,-4.77886,-4.75278,-4.72125,-4.68254,-4.63372,-4.56939,-4.4789,-4.34304,-4.1432,-4.1432
-5.03779,-5.03779,-4.95264,-4.92646,-4.9169,-4.91219,-4.90899,-4.90631,-4.90379,-4.90136,-4.89899,-4.89669,-4.89449,-4.89244,-4.8906,-4.88899,-4.88764,-4.88654,-4.8857,-4.88515,-4.8849,-4.88494,-4.88528,-4.88587,-4.88672,-4.8878,-4.88911,-4.89062,-4.89232,-4.89419,-4.89618,-4.89829,-4.9005,-4.90279,-4.90514,-4.90752,-4.90992,-4.91233,-4.91472,-4.91708,-4.91939,-4.92165,-4.92384,-4.92595,-4.92798,-4.9299,-4.93171,-4.93341,-4.93498,-4.93643,-4.93775,-4.93893,-4.93996,-4.94086,-4.94162,-4.94223,-4.94268,-4.94299,-4.94315,-4.94317,-4.94303,-4.94274,-4.94231,-4.94172,-4.94099,-4.94011,-4.93908,-4.9379,-4.93657,-4.93508,-4.93344,-4.93163,-4.92966,-4.9275,-4.92516,-4.92262,-4.91984,-4.91682,-4.91351,-4.90986,-4.90584,-4.90137,-4.89636,-4.89073,-4.88435,-4.87706,-4.86869,-4.85899,-4.84771,-4.83452,-4.819,-4.80066,-4.77886,-4.75278,-4.72125,-4.68254,-4.63372,-4.5694,-4.4789,-4.34304,-4.1432,-4.1432
-4.87485,-4.87486,-4.85304,-4.83799,-4.82831,-4.82195,-4.81726,-4.81342,-4.81002,-4.8069,-4.80399,-4.80126,-4.79876,-4.79649,-4.79446,-4.79269,-4.79116,-4.78993,-4.789,-4.78839,-4.78809,-4.78808,-4.78835,-4.7889,-4.78971,-4.79078,-4.79206,-4.79355,-4.79522,-4.79705,-4.79902,-4.80111,-4.8033,-4.80557,-4.80789,-4.81025,-4.81263,-4.81501,-4.81738,-4.81971,-4.82201,-4.82425,-4.82642,-4.8285,-4.8305,-4.8324,-4.83418,-4.83586,-4.83741,-4.83884,-4.84014,-4.84129,-4.84231,-4.84319,-4.84392,-4.84451,-4.84495,-4.84524,-4.84539,-4.84538,-4.84523,-4.84493,-4.84448,-4.84388,-4.84313,-4.84224,-4.8412,-4.84001,-4.83867,-4.83717,-4.83552,-4.8337,-4.83172,-4.82957,-4.82722,-4.82467,-4.8219,-4.81888,-4.81558,-4.81194,-4.80794,-4.80348,-4.79851,-4.79292,-4.78658,-4.77935,-4.77104,-4.76143,-4.75025,-4.73718,-4.72182,-4.7037,-4.68222,-4.65663,-4.62595,-4.58883,-4.5433,-4.4863,-4.41282,-4.31684,-4.21632,-4.21632
-4.74667,-4.74666,-4.7425,-4.73595,-4.72998,-4.72506,-4.72094,-4.71729,-4.71383,-4.71063,-4.70762,-4.70483,-4.70226,-4.69991,-4.69779,-4.69592,-4.69433,-4.69305,-4.6921,-4.69145,-4.6911,-4.69105,-4.6913,-4.69183,-4.69263,-4.69367,-4.69494,-4.69641,-4.69806,-4.69988,-4.70184,-4.70392,-4.70609,-4.70834,-4.71065,-4.71299,-4.71536,-4.71772,-4.72007,-4.72239,-4.72467,-4.72689,-4.72904,-4.73111,-4.73309,-4.73496,-4.73673,-4.73839,-4.73993,-4.74134,-4.74261,-4.74375,-4.74475,-4.74561,-4.74632,-4.74689,-4.74732,-4.7476,-4.74772,-4.7477,-4.74753,-4.74721,-4.74675,-4.74614,-4.74538,-4.74448,-4.74343,-4.74223,-4.74088,-4.73938,-4.73772,-4.7359,-4.73393,-4.73178,-4.72944,-4.72691,-4.72416,-4.72117,-4.7179,-4.71432,-4.71038,-4.70602,-4.70115,-4.69569,-4.68952,-4.68249,-4.67443,-4.66513,-4.65434,-4.64175,-4.62699,-4.60965,-4.58921,-4.56507,-4.53653,-4.50276,-4.46281,-4.41559,-4.36018,-4.29889,-4.25131,-4.25131
-4.63423,-4.63422,-4.63444,-4.63198,-4.62877,-4.62549,-4.6223,-4.61918,-4.61611,-4.61314,-4.61032,-4.60768,-4.60519,-4.60285,-4.60075,-4.59891,-4.59735,-4.59607,-4.5951,-4.59442,-4.59406,-4.59401,-4.59425,-4.59477,-4.59555,-4.59659,-4.59784,-4.5993,-4.60094,-4.60275,-4.6047,-4.60676,-4.60892,-4.61116,-4.61345,-4.61578,-4.61813,-4.62048,-4.62282,-4.62513,-4.62739,-4.62959,-4.63172,-4.63377,-4.63573,-4.63759,-4.63934,-4.64098,-4.6425,-4.64389,-4.64514,-4.64627,-4.64725,-4.64809,-4.64879,-4.64934,-4.64975,-4.65001,-4.65012,-4.65008,-4.6499,-4.64957,-4.64909,-4.64847,-4.6477,-4.64678,-4.64572,-4.64451,-4.64316,-4.64166,-4.64001,-4.63819,-4.63622,-4.63409,-4.63177,-4.62927,-4.62656,-4.62361,-4.62041,-4.61691,-4.61307,-4.60884,-4.60414,-4.59888,-4.59296,-4.58624,-4.57857,-4.56976,-4.55956,-4.54772,-4.5339,-4.51776,-4.49889,-4.47686,-4.45123,-4.42166,-4.38794,-4.35026,-4.30977,-4.27105,-4.24745,-4.24745
-4.52877,-4.52876,-4.52988,-4.52912,-4.52745,-4.52533,-4.52296,-4.52044,-4.51785,-4.51526,-4.51271,-4.51022,-4.50784,-4.50562,-4.50362,-4.50189,-4.50036,-4.4991,-4.49812,-4.49746,-4.49711,-4.49706,-4.49729,-4.4978,-4.49858,-4.4996,-4.50085,-4.5023,-4.50393,-4.50572,-4.50765,-4.5097,-4.51184,-4.51407,-4.51635,-4.51866,-4.52099,-4.52333,-4.52565,-4.52794,-4.53017,-4.53235,-4.53447,-4.5365,-4.53844,-4.54028,-4.54202,-4.54364,-4.54513,-4.54649,-4.54773,-4.54884,-4.5498,-4.55063,-4.55131,-4.55184,-4.55223,-4.55247,-4.55256,-4.55251,-4.55231,-4.55197,-4.55147,-4.55084,-4.55005,-4.54913,-4.54805,-4.54684,-4.54548,-4.54398,-4.54233,-4.54053,-4.53857,-4.53646,-4.53417,-4.5317,-4.52904,-4.52616,-4.52303,-4.51963,-4.51592,-4.51184,-4.50734,-4.50233,-4.49672,-4.49039,-4.4832,-4.47497,-4.46552,-4.45459,-4.44193,-4.42725,-4.41024,-4.39064,-4.36825,-4.34303,-4.31526,-4.28574,-4.25641,-4.23168,-4.21935,-4.21934
-4.42671,-4.4267,-4.42784,-4.42776,-4.42688,-4.42548,-4.42372,-4.42173,-4.41959,-4.41734,-4.41503,-4.41273,-4.41051,-4.40845,-4.40657,-4.40489,-4.40345,-4.40221,-4.40127,-4.40063,-4.40029,-4.40023,-4.40046,-4.40098,-4.40175,-4.40276,-4.404,-4.40543,-4.40704,-4.40882,-4.41073,-4.41276,-4.41489,-4.4171,-4.41936,-4.42165,-4.42396,-4.42628,-4.42857,-4.43083,-4.43304,-4.43521,-4.4373,-4.43931,-4.44123,-4.44305,-4.44476,-4.44635,-4.44782,-4.44917,-4.45039,-4.45147,-4.45241,-4.45321,-4.45387,-4.45438,-4.45475,-4.45497,-4.45505,-4.45498,-4.45476,-4.4544,-4.45389,-4.45324,-4.45244,-4.4515,-4.45043,-4.44921,-4.44784,-4.44634,-4.44469,-4.4429,-4.44097,-4.43887,-4.43661,-4.43418,-4.43157,-4.42875,-4.42571,-4.42242,-4.41885,-4.41494,-4.41066,-4.40592,-4.40065,-4.39475,-4.38808,-4.38051,-4.37186,-4.36193,-4.35052,-4.33741,-4.32238,-4.30528,-4.28608,-4.26495,-4.2424,-4.21947,-4.19822,-4.18209,-4.17546,-4.17546
-4.32647,-4.32647,-4.32744,-4.32757,-4.32708,-4.32613,-4.32483,-4.32327,-4.32147,-4.3195,-4.31742,-4.31533,-4.3133,-4.31138,-4.3096,-4.308,-4.30662,-4.30545,-4.30455,-4.30393,-4.30359,-4.30355,-4.30379,-4.30431,-4.30508,-4.30608,-4.30729,-4.30871,-4.31031,-4.31207,-4.31397,-4.31598,-4.31809,-4.32027,-4.32251,-4.32478,-4.32706,-4.32935,-4.33161,-4.33384,-4.33604,-4.33818,-4.34024,-4.34222,-4.34411,-4.3459,-4.34758,-4.34914,-4.35059,-4.35191,-4.3531,-4.35416,-4.35507,-4.35585,-4.35648,-4.35698,-4.35732,-4.35752,-4.35758,-4.35749,-4.35725,-4.35687,-4.35635,-4.35568,-4.35487,-4.35392,-4.35283,-4.3516,-4.35023,-4.34873,-4.34709,-4.34531,-4.34339,-4.34132,-4.33909,-4.3367,-4.33413,-4.33138,-4.32843,-4.32526,-4.32183,-4.3181,-4.31404,-4.30959,-4.30467,-4.29919,-4.29307,-4.28616,-4.27834,-4.26943,-4.25929,-4.24773,-4.23464,-4.21993,-4.20369,-4.18619,-4.168,-4.1502,-4.13466,-4.12411,-4.12059,-4.12059
-4.22727,-4.22728,-4.22802,-4.2282,-4.22793,-4.22728,-4.22631,-4.22504,-4.22349,-4.22175,-4.21991,-4.21803,-4.21618,-4.21438,-4.2127,-4.2112,-4.20989,-4.20878,-4.20792,-4.20733,-4.20703,-4.20701,-4.20727,-4.20779,-4.20854,-4.20953,-4.21074,-4.21215,-4.21374,-4.21548,-4.21736,-4.21936,-4.22144,-4.2236,-4.2258,-4.22804,-4.2303,-4.23255,-4.23479,-4.237,-4.23916,-4.24126,-4.24329,-4.24524,-4.2471,-4.24885,-4.2505,-4.25204,-4.25345,-4.25474,-4.2559,-4.25692,-4.25781,-4.25856,-4.25917,-4.25964,-4.25996,-4.26013,-4.26016,-4.26005,-4.25979,-4.25939,-4.25885,-4.25816,-4.25734,-4.25638,-4.25528,-4.25404,-4.25267,-4.25117,-4.24954,-4.24776,-4.24585,-4.2438,-4.2416,-4.23925,-4.23673,-4.23405,-4.23119,-4.22813,-4.22484,-4.2213,-4.21746,-4.21329,-4.20871,-4.20367,-4.19807,-4.19182,-4.1848,-4.17688,-4.16794,-4.15787,-4.14658,-4.13407,-4.12045,-4.10605,-4.09145,-4.07769,-4.06606,-4.05913,-4.05749,-4.05749
-4.12867,-4.12867,-4.1292,-4.12938,-4.12925,-4.1288,-4.12803,-4.12695,-4.12561,-4.12411,-4.12249,-4.1208,-4.11908,-4.11741,-4.11586,-4.11447,-4.11322,-4.11218,-4.11137,-4.11084,-4.11059,-4.1106,-4.11087,-4.11137,-4.11213,-4.11313,-4.11434,-4.11574,-4.11732,-4.11905,-4.12091,-4.12287,-4.12493,-4.12706,-4.12924,-4.13145,-4.13367,-4.1359,-4.13811,-4.14028,-4.14241,-4.14447,-4.14646,-4.14838,-4.1502,-4.15192,-4.15353,-4.15503,-4.15641,-4.15767,-4.15879,-4.15978,-4.16064,-4.16136,-4.16194,-4.16237,-4.16267,-4.16282,-4.16282,-4.16268,-4.1624,-4.16198,-4.16142,-4.16072,-4.15988,-4.1589,-4.15778,-4.15654,-4.15517,-4.15367,-4.15203,-4.15026,-4.14836,-4.14633,-4.14415,-4.14184,-4.13938,-4.13677,-4.134,-4.13104,-4.12789,-4.12453,-4.12091,-4.117,-4.11276,-4.10813,-4.10303,-4.0974,-4.09114,-4.08414,-4.07633,-4.06761,-4.05795,-4.04738,-4.03603,-4.02422,-4.01249,-4.00174,-3.99316,-3.98852,-3.98801,-3.98801
-4.03039,-4.03038,-4.03077,-4.03095,-4.03089,-4.03054,-4.02989,-4.02898,-4.02785,-4.02655,-4.02511,-4.02356,-4.022,-4.02048,-4.01906,-4.01774,-4.01658,-4.01562,-4.01491,-4.01445,-4.01423,-4.01426,-4.01454,-4.01507,-4.01585,-4.01686,-4.01807,-4.01947,-4.02103,-4.02274,-4.02458,-4.02653,-4.02856,-4.03066,-4.03281,-4.03499,-4.03719,-4.03938,-4.04155,-4.04369,-4.04577,-4.0478,-4.04976,-4.05163,-4.05341,-4.05509,-4.05667,-4.05813,-4.05947,-4.06069,-4.06178,-4.06274,-4.06356,-4.06425,-4.06479,-4.0652,-4.06546,-4.06558,-4.06556,-4.0654,-4.06509,-4.06465,-4.06406,-4.06334,-4.06248,-4.06149,-4.06036,-4.05911,-4.05774,-4.05623,-4.05459,-4.05283,-4.05094,-4.04892,-4.04677,-4.0445,-4.04209,-4.03955,-4.03686,-4.03401,-4.031,-4.0278,-4.02439,-4.02074,-4.01681,-4.01256,-4.00794,-4.00288,-3.99731,-3.99117,-3.98437,-3.97686,-3.96864,-3.95974,-3.95031,-3.94065,-3.93127,-3.92269,-3.91637,-3.91329,-3.91348,-3.91348
-3.93231,-3.9323,-3.93261,-3.93277,-3.93271,-3.9324,-3.93186,-3.93111,-3.93016,-3.92902,-3.92772,-3.92633,-3.92492,-3.92355,-3.92223,-3.92102,-3.91997,-3.91913,-3.9185,-3.91809,-3.91791,-3.91798,-3.9183,-3.91888,-3.91968,-3.9207,-3.92191,-3.9233,-3.92486,-3.92656,-3.92838,-3.93031,-3.93231,-3.93439,-3.93651,-3.93867,-3.94083,-3.94298,-3.94511,-3.94721,-3.94926,-3.95125,-3.95316,-3.95499,-3.95673,-3.95837,-3.95991,-3.96133,-3.96264,-3.96381,-3.96487,-3.96579,-3.96657,-3.96722,-3.96774,-3.96811,-3.96834,-3.96843,-3.96838,-3.9682,-3.96786,-3.96739,-3.96679,-3.96605,-3.96517,-3.96416,-3.96303,-3.96177,-3.96038,-3.95887,-3.95723,-3.95547,-3.95359,-3.95159,-3.94947,-3.94724,-3.94488,-3.9424,-3.93979,-3.93705,-3.93416,-3.93112,-3.92791,-3.9245,-3.92086,-3.91697,-3.91279,-3.90825,-3.90331,-3.89792,-3.89202,-3.88559,-3.8786,-3.87113,-3.86331,-3.85539,-3.84781,-3.84105,-3.83634,-3.83431,-3.83492,-3.83492
-3.83435,-3.83436,-3.83459,-3.8347,-3.83462,-3.83437,-3.83394,-3.83331,-3.83249,-3.83147,-3.83031,-3.82909,-3.82783,-3.82658,-3.82539,-3.82431,-3.82339,-3.82265,-3.8221,-3.82174,-3.82163,-3.82177,-3.82215,-3.82276,-3.82359,-3.82462,-3.82583,-3.82723,-3.82878,-3.83047,-3.83228,-3.83419,-3.83618,-3.83823,-3.84033,-3.84245,-3.84457,-3.84669,-3.84878,-3.85084,-3.85285,-3.85479,-3.85666,-3.85845,-3.86015,-3.86175,-3.86325,-3.86463,-3.86589,-3.86703,-3.86804,-3.86892,-3.86967,-3.87029,-3.87077,-3.87111,-3.87131,-3.87137,-3.87129,-3.87108,-3.87072,-3.87023,-3.8696,-3.86884,-3.86794,-3.86693,-3.86578,-3.86451,-3.86311,-3.86159,-3.85996,-3.8582,-3.85634,-3.85435,-3.85226,-3.85006,-3.84775,-3.84534,-3.84281,-3.84017,-3.8374,-3.83451,-3.83148,-3.82829,-3.82493,-3.82137,-3.81757,-3.81351,-3.80914,-3.80441,-3.7993,-3.79378,-3.78786,-3.78159,-3.77511,-3.76865,-3.76238,-3.7571,-3.75359,-3.75228,-3.75313,-3.75313
-3.7365,-3.73651,-3.73665,-3.73669,-3.73662,-3.73643,-3.73608,-3.73554,-3.7348,-3.7339,-3.7329,-3.73183,-3.73071,-3.72959,-3.72854,-3.72761,-3.72681,-3.72615,-3.72567,-3.72541,-3.72539,-3.72561,-3.72605,-3.72669,-3.72754,-3.72859,-3.72982,-3.73123,-3.73278,-3.73447,-3.73627,-3.73816,-3.74013,-3.74217,-3.74423,-3.74631,-3.7484,-3.75049,-3.75255,-3.75456,-3.75652,-3.75842,-3.76025,-3.76201,-3.76366,-3.76522,-3.76667,-3.76801,-3.76922,-3.77032,-3.7713,-3.77214,-3.77285,-3.77343,-3.77388,-3.77419,-3.77436,-3.77439,-3.77428,-3.77404,-3.77366,-3.77314,-3.7725,-3.77172,-3.77081,-3.76978,-3.76862,-3.76734,-3.76594,-3.76442,-3.76278,-3.76103,-3.75918,-3.75722,-3.75515,-3.75299,-3.75073,-3.74837,-3.74592,-3.74337,-3.74073,-3.73798,-3.73512,-3.73214,-3.72902,-3.72576,-3.72231,-3.71867,-3.71479,-3.71065,-3.70623,-3.70149,-3.69647,-3.6912,-3.6858,-3.68047,-3.67535,-3.6712,-3.66858,-3.66777,-3.66875,-3.66875
-3.63869,-3.63869,-3.63875,-3.63876,-3.63871,-3.63855,-3.63824,-3.63775,-3.63711,-3.63635,-3.63548,-3.63453,-3.63354,-3.63258,-3.63168,-3.63087,-3.63017,-3.62961,-3.62925,-3.62911,-3.62919,-3.62947,-3.62995,-3.63064,-3.63153,-3.63261,-3.63387,-3.63528,-3.63684,-3.63853,-3.64033,-3.64221,-3.64416,-3.64616,-3.6482,-3.65026,-3.65232,-3.65437,-3.65638,-3.65835,-3.66027,-3.66214,-3.66393,-3.66563,-3.66724,-3.66876,-3.67016,-3.67145,-3.67263,-3.67369,-3.67463,-3.67543,-3.67611,-3.67665,-3.67706,-3.67734,-3.67748,-3.67748,-3.67735,-3.67708,-3.67668,-3.67614,-3.67548,-3.67468,-3.67376,-3.67272,-3.67155,-3.67026,-3.66886,-3.66733,-3.6657,-3.66396,-3.66212,-3.66018,-3.65815,-3.65602,-3.65381,-3.65151,-3.64913,-3.64667,-3.64414,-3.64152,-3.63882,-3.63603,-3.63314,-3.63014,-3.62701,-3.62374,-3.6203,-3.61667,-3.61282,-3.60875,-3.60448,-3.60006,-3.59558,-3.59105,-3.58692,-3.58366,-3.5817,-3.58124,-3.58228,-3.58228
-3.54088,-3.54087,-3.5409,-3.5409,-3.54085,-3.5407,-3.5404,-3.53997,-3.53944,-3.53879,-3.53803,-3.5372,-3.53637,-3.53556,-3.53478,-3.53408,-3.53349,-3.53308,-3.53286,-3.53282,-3.53297,-3.53331,-3.53386,-3.53461,-3.53555,-3.53666,-3.53795,-3.53938,-3.54096,-3.54265,-3.54443,-3.5463,-3.54824,-3.55022,-3.55223,-3.55426,-3.55629,-3.55829,-3.56027,-3.5622,-3.56409,-3.56591,-3.56766,-3.56931,-3.57088,-3.57235,-3.57371,-3.57496,-3.5761,-3.57712,-3.57801,-3.57878,-3.57942,-3.57993,-3.58031,-3.58055,-3.58066,-3.58064,-3.58048,-3.58019,-3.57977,-3.57921,-3.57853,-3.57772,-3.57679,-3.57574,-3.57457,-3.57327,-3.57186,-3.57035,-3.56872,-3.56699,-3.56517,-3.56325,-3.56124,-3.55915,-3.55699,-3.55475,-3.55244,-3.55007,-3.54763,-3.54514,-3.54258,-3.53997,-3.53728,-3.53452,-3.53168,-3.52873,-3.52567,-3.52247,-3.51912,-3.51561,-3.51197,-3.50822,-3.50446,-3.50068,-3.49731,-3.49473,-3.49328,-3.49307,-3.49413,-3.49413
-3.44307,-3.44307,-3.44308,-3.44308,-3.443,-3.44284,-3.44258,-3.44223,-3.44177,-3.4412,-3.44055,-3.43987,-3.43917,-3.43848,-3.43782,-3.43724,-3.43681,-3.43655,-3.43644,-3.43649,-3.43672,-3.43715,-3.43777,-3.43859,-3.43957,-3.44073,-3.44205,-3.44351,-3.4451,-3.44679,-3.44857,-3.45043,-3.45235,-3.45432,-3.45631,-3.45831,-3.46029,-3.46226,-3.4642,-3.46611,-3.46795,-3.46973,-3.47142,-3.47303,-3.47456,-3.47598,-3.4773,-3.47851,-3.47961,-3.48059,-3.48144,-3.48217,-3.48278,-3.48325,-3.4836,-3.48382,-3.4839,-3.48385,-3.48367,-3.48336,-3.48292,-3.48235,-3.48166,-3.48084,-3.4799,-3.47884,-3.47766,-3.47636,-3.47496,-3.47344,-3.47183,-3.47011,-3.4683,-3.46641,-3.46444,-3.46238,-3.46027,-3.45808,-3.45584,-3.45355,-3.45122,-3.44884,-3.44642,-3.44396,-3.44146,-3.43891,-3.43631,-3.43365,-3.43091,-3.42808,-3.42515,-3.42212,-3.419,-3.41584,-3.41257,-3.40944,-3.40669,-3.40466,-3.40358,-3.40356,-3.4046,-3.4046
-3.34529,-3.3453,-3.3453,-3.34525,-3.34516,-3.345,-3.34479,-3.34449,-3.34409,-3.3436,-3.34308,-3.34252,-3.34193,-3.34134,-3.34082,-3.34041,-3.34014,-3.33999,-3.33997,-3.34012,-3.34046,-3.34098,-3.34169,-3.34256,-3.3436,-3.34481,-3.34616,-3.34764,-3.34924,-3.35094,-3.35272,-3.35458,-3.35649,-3.35844,-3.3604,-3.36237,-3.36432,-3.36626,-3.36818,-3.37004,-3.37184,-3.37356,-3.37522,-3.37679,-3.37827,-3.37965,-3.38092,-3.38209,-3.38315,-3.38409,-3.38491,-3.3856,-3.38617,-3.38662,-3.38694,-3.38713,-3.38719,-3.38711,-3.38691,-3.38658,-3.38612,-3.38554,-3.38484,-3.38401,-3.38306,-3.382,-3.38082,-3.37953,-3.37812,-3.37662,-3.37501,-3.37331,-3.37153,-3.36966,-3.36772,-3.36571,-3.36364,-3.36151,-3.35933,-3.35712,-3.35488,-3.3526,-3.35031,-3.34799,-3.34565,-3.3433,-3.34091,-3.33849,-3.33603,-3.33352,-3.33094,-3.3283,-3.32561,-3.32289,-3.3201,-3.31747,-3.31522,-3.31361,-3.31282,-3.31293,-3.31395,-3.31395
-3.24754,-3.24755,-3.24751,-3.24743,-3.24734,-3.24721,-3.24702,-3.24675,-3.2464,-3.24602,-3.2456,-3.24512,-3.24463,-3.24419,-3.24383,-3.24357,-3.24341,-3.24336,-3.24347,-3.24374,-3.24419,-3.2448,-3.24558,-3.24652,-3.24762,-3.24888,-3.25026,-3.25177,-3.25338,-3.25509,-3.25688,-3.25873,-3.26063,-3.26256,-3.2645,-3.26644,-3.26838,-3.27029,-3.27216,-3.27397,-3.27573,-3.27742,-3.27903,-3.28056,-3.28199,-3.28333,-3.28457,-3.2857,-3.28671,-3.28761,-3.28839,-3.28905,-3.28959,-3.29001,-3.2903,-3.29046,-3.2905,-3.2904,-3.29018,-3.28983,-3.28937,-3.28878,-3.28807,-3.28723,-3.28628,-3.28522,-3.28404,-3.28275,-3.28135,-3.27986,-3.27827,-3.27659,-3.27483,-3.27299,-3.27108,-3.26911,-3.26708,-3.26501,-3.2629,-3.26077,-3.25861,-3.25643,-3.25425,-3.25206,-3.24987,-3.24768,-3.24548,-3.24327,-3.24105,-3.2388,-3.23652,-3.23421,-3.23188,-3.22948,-3.22709,-3.22488,-3.22303,-3.22174,-3.22117,-3.22137,-3.22236,-3.22236
-3.14979,-3.14979,-3.14972,-3.14964,-3.14955,-3.14942,-3.14924,-3.14901,-3.14874,-3.14843,-3.14807,-3.14769,-3.14734,-3.14705,-3.14683,-3.14668,-3.14663,-3.14671,-3.14694,-3.14734,-3.14788,-3.14858,-3.14944,-3.15045,-3.15162,-3.15292,-3.15434,-3.15587,-3.15751,-3.15924,-3.16103,-3.16288,-3.16477,-3.16668,-3.1686,-3.17052,-3.17243,-3.1743,-3.17613,-3.17791,-3.17963,-3.18128,-3.18285,-3.18433,-3.18572,-3.18702,-3.18822,-3.1893,-3.19028,-3.19114,-3.19188,-3.19252,-3.19303,-3.19342,-3.19368,-3.19381,-3.19383,-3.19371,-3.19348,-3.19312,-3.19264,-3.19205,-3.19133,-3.19049,-3.18954,-3.18848,-3.1873,-3.18602,-3.18464,-3.18316,-3.18159,-3.17993,-3.17819,-3.17638,-3.17451,-3.17258,-3.1706,-3.16858,-3.16654,-3.16447,-3.16239,-3.1603,-3.15822,-3.15615,-3.15409,-3.15204,-3.15001,-3.14799,-3.14597,-3.14394,-3.14191,-3.13986,-3.13781,-3.13569,-3.13364,-3.13176,-3.13021,-3.12918,-3.12877,-3.12903,-3.12998,-3.12998
-3.05203,-3.05203,-3.05194,-3.05186,-3.05177,-3.05164,-3.05147,-3.05129,-3.05108,-3.05082,-3.05053,-3.05027,-3.05006,-3.04989,-3.04977,-3.04974,-3.04982,-3.05004,-3.0504,-3.05089,-3.05153,-3.05233,-3.05327,-3.05435,-3.05558,-3.05692,-3.05839,-3.05996,-3.06162,-3.06335,-3.06516,-3.067,-3.06888,-3.07078,-3.07269,-3.07459,-3.07646,-3.0783,-3.08009,-3.08183,-3.08351,-3.08512,-3.08665,-3.0881,-3.08945,-3.0907,-3.09186,-3.0929,-3.09384,-3.09467,-3.09539,-3.09599,-3.09646,-3.09682,-3.09706,-3.09717,-3.09717,-3.09704,-3.09679,-3.09642,-3.09594,-3.09534,-3.09462,-3.09378,-3.09283,-3.09177,-3.0906,-3.08934,-3.08797,-3.0865,-3.08495,-3.08332,-3.08161,-3.07983,-3.07799,-3.0761,-3.07417,-3.07221,-3.07022,-3.06822,-3.06621,-3.06421,-3.06222,-3.06026,-3.05831,-3.05639,-3.0545,-3.05263,-3.05078,-3.04894,-3.04711,-3.04528,-3.04344,-3.04157,-3.03978,-3.03816,-3.03686,-3.03602,-3.03573,-3.03603,-3.03694,-3.03694
-2.95427,-2.95427,-2.95419,-2.9541,-2.95398,-2.95386,-2.95373,-2.95358,-2.95339,-2.95319,-2.95301,-2.95286,-2.95275,-2.95268,-2.95268,-2.95278,-2.953,-2.95334,-2.95381,-2.9544,-2.95515,-2.95603,-2.95706,-2.95821,-2.95949,-2.96089,-2.9624,-2.964,-2.96568,-2.96744,-2.96925,-2.97109,-2.97296,-2.97486,-2.97675,-2.97861,-2.98046,-2.98226,-2.98403,-2.98574,-2.98738,-2.98894,-2.99044,-2.99184,-2.99315,-2.99436,-2.99547,-2.99649,-2.99739,-2.99819,-2.99888,-2.99944,-2.99989,-3.00022,-3.00044,-3.00054,-3.00052,-3.00037,-3.00011,-2.99973,-2.99924,-2.99864,-2.99792,-2.99708,-2.99614,-2.99509,-2.99393,-2.99267,-2.99132,-2.98988,-2.98835,-2.98674,-2.98506,-2.98331,-2.98151,-2.97967,-2.97778,-2.97587,-2.97394,-2.972,-2.97006,-2.96814,-2.96624,-2.96437,-2.96252,-2.96071,-2.95894,-2.95721,-2.9555,-2.95381,-2.95215,-2.9505,-2.94881,-2.94715,-2.94556,-2.94415,-2.94304,-2.94234,-2.94214,-2.94246,-2.94333,-2.94333
-2.85652,-2.85653,-2.85643,-2.85632,-2.85621,-2.8561,-2.85599,-2.85585,-2.85571,-2.85559,-2.8555,-2.85544,-2.85541,-2.85545,-2.85558,-2.85581,-2.85615,-2.8566,-2.85717,-2.85788,-2.85872,-2.8597,-2.8608,-2.86202,-2.86337,-2.86481,-2.86636,-2.868,-2.86971,-2.87148,-2.87329,-2.87514,-2.87701,-2.87889,-2.88075,-2.8826,-2.88442,-2.8862,-2.88793,-2.8896,-2.8912,-2.89274,-2.89419,-2.89555,-2.89682,-2.89799,-2.89907,-2.90005,-2.90093,-2.90169,-2.90234,-2.90287,-2.9033,-2.90361,-2.90381,-2.90389,-2.90385,-2.9037,-2.90342,-2.90304,-2.90255,-2.90194,-2.90122,-2.90039,-2.89946,-2.89841,-2.89727,-2.89603,-2.89469,-2.89327,-2.89177,-2.89019,-2.88854,-2.88683,-2.88506,-2.88326,-2.88142,-2.87956,-2.87768,-2.8758,-2.87393,-2.87208,-2.87025,-2.86846,-2.86671,-2.865,-2.86333,-2.8617,-2.86011,-2.85856,-2.85702,-2.85551,-2.85396,-2.85245,-2.85103,-2.84977,-2.8488,-2.8482,-2.84806,-2.84841,-2.84922,-2.84922
-2.75878,-2.75879,-2.75867,-2.75855,-2.75844,-2.75834,-2.75823,-2.75813,-2.75805,-2.758,-2.75797,-2.75799,-2.75806,-2.75822,-2.75847,-2.75881,-2.75925,-2.75981,-2.76049,-2.76131,-2.76225,-2.76331,-2.76449,-2.76578,-2.76718,-2.76868,-2.77027,-2.77195,-2.77368,-2.77546,-2.77729,-2.77914,-2.781,-2.78287,-2.78471,-2.78654,-2.78834,-2.79009,-2.79178,-2.79342,-2.79499,-2.79648,-2.79789,-2.79921,-2.80045,-2.80159,-2.80264,-2.80359,-2.80442,-2.80515,-2.80577,-2.80628,-2.80669,-2.80698,-2.80716,-2.80722,-2.80717,-2.807,-2.80673,-2.80634,-2.80585,-2.80524,-2.80452,-2.8037,-2.80277,-2.80174,-2.80061,-2.79939,-2.79807,-2.79667,-2.79519,-2.79364,-2.79202,-2.79035,-2.78862,-2.78686,-2.78507,-2.78325,-2.78143,-2.77961,-2.7778,-2.77601,-2.77425,-2.77253,-2.77086,-2.76923,-2.76765,-2.76612,-2.76463,-2.76318,-2.76176,-2.76032,-2.7589,-2.75751,-2.75621,-2.75507,-2.75419,-2.75367,-2.75357,-2.75391,-2.75469,-2.75469
-2.66103,-2.66103,-2.6609,-2.66078,-2.66068,-2.66058,-2.66048,-2.66042,-2.66039,-2.66039,-2.66043,-2.66053,-2.66072,-2.66098,-2.66132,-2.66176,-2.66232,-2.66299,-2.66379,-2.6647,-2.66572,-2.66686,-2.66812,-2.66948,-2.67094,-2.67249,-2.67413,-2.67583,-2.67759,-2.67939,-2.68122,-2.68308,-2.68493,-2.68679,-2.68862,-2.69043,-2.69219,-2.69391,-2.69558,-2.69719,-2.69872,-2.70017,-2.70155,-2.70284,-2.70404,-2.70515,-2.70616,-2.70707,-2.70787,-2.70857,-2.70917,-2.70966,-2.71004,-2.71031,-2.71047,-2.71052,-2.71046,-2.71029,-2.71001,-2.70962,-2.70912,-2.70852,-2.70781,-2.70699,-2.70607,-2.70506,-2.70395,-2.70274,-2.70145,-2.70007,-2.69862,-2.6971,-2.69551,-2.69387,-2.69219,-2.69046,-2.68871,-2.68694,-2.68517,-2.6834,-2.68165,-2.67992,-2.67823,-2.67657,-2.67497,-2.67341,-2.67191,-2.67045,-2.66904,-2.66767,-2.66633,-2.66497,-2.66364,-2.66233,-2.66112,-2.66006,-2.65925,-2.65878,-2.6587,-2.65904,-2.65978,-2.65978
-2.56327,-2.56327,-2.56314,-2.56302,-2.56291,-2.56281,-2.56274,-2.56271,-2.56272,-2.56278,-2.56289,-2.56309,-2.56335,-2.5637,-2.56414,-2.56469,-2.56536,-2.56614,-2.56703,-2.56803,-2.56914,-2.57036,-2.57169,-2.57312,-2.57464,-2.57625,-2.57792,-2.57965,-2.58143,-2.58325,-2.58509,-2.58695,-2.5888,-2.59064,-2.59246,-2.59424,-2.59599,-2.59769,-2.59933,-2.60089,-2.60239,-2.60381,-2.60515,-2.60641,-2.60758,-2.60865,-2.60962,-2.6105,-2.61128,-2.61196,-2.61253,-2.613,-2.61336,-2.61361,-2.61376,-2.61379,-2.61372,-2.61354,-2.61326,-2.61287,-2.61238,-2.61178,-2.61107,-2.61026,-2.60936,-2.60836,-2.60726,-2.60608,-2.60481,-2.60346,-2.60203,-2.60054,-2.59899,-2.59738,-2.59573,-2.59405,-2.59234,-2.59062,-2.58889,-2.58718,-2.58547,-2.5838,-2.58216,-2.58056,-2.57902,-2.57752,-2.57608,-2.57469,-2.57335,-2.57204,-2.57075,-2.56945,-2.56818,-2.56694,-2.56578,-2.56477,-2.564,-2.56356,-2.56349,-2.56383,-2.56454,-2.56454
-2.4655,-2.4655,-2.46537,-2.46524,-2.46513,-2.46505,-2.465,-2.465,-2.46505,-2.46517,-2.46535,-2.46562,-2.46596,-2.4664,-2.46695,-2.46761,-2.46837,-2.46924,-2.47022,-2.4713,-2.4725,-2.4738,-2.4752,-2.4767,-2.47827,-2.47992,-2.48163,-2.48339,-2.4852,-2.48704,-2.48889,-2.49074,-2.49259,-2.49442,-2.49622,-2.49799,-2.49972,-2.50139,-2.50299,-2.50452,-2.50599,-2.50738,-2.5087,-2.50992,-2.51105,-2.51209,-2.51303,-2.51388,-2.51464,-2.51529,-2.51584,-2.51628,-2.51662,-2.51686,-2.517,-2.51702,-2.51694,-2.51676,-2.51647,-2.51609,-2.5156,-2.515,-2.5143,-2.51351,-2.51262,-2.51163,-2.51055,-2.50939,-2.50814,-2.50682,-2.50542,-2.50396,-2.50244,-2.50087,-2.49926,-2.49762,-2.49595,-2.49427,-2.49259,-2.49091,-2.48926,-2.48763,-2.48605,-2.4845,-2.48301,-2.48156,-2.48017,-2.47883,-2.47754,-2.47628,-2.47502,-2.47377,-2.47254,-2.47133,-2.47021,-2.46923,-2.46848,-2.46804,-2.46798,-2.46831,-2.46898,-2.46898
-2.36773,-2.36773,-2.36759,-2.36745,-2.36735,-2.36728,-2.36725,-2.36728,-2.36738,-2.36755,-2.3678,-2.36813,-2.36855,-2.36909,-2.36973,-2.37048,-2.37133,-2.37229,-2.37335,-2.37452,-2.3758,-2.37718,-2.37865,-2.3802,-2.38183,-2.38352,-2.38526,-2.38706,-2.3889,-2.39075,-2.39261,-2.39446,-2.3963,-2.39812,-2.39991,-2.40167,-2.40337,-2.405,-2.40657,-2.40808,-2.40953,-2.41089,-2.41217,-2.41335,-2.41445,-2.41546,-2.41638,-2.41721,-2.41794,-2.41856,-2.41909,-2.41952,-2.41984,-2.42007,-2.42019,-2.42021,-2.42012,-2.41993,-2.41965,-2.41926,-2.41878,-2.41819,-2.4175,-2.41672,-2.41584,-2.41487,-2.41381,-2.41267,-2.41144,-2.41015,-2.40878,-2.40735,-2.40586,-2.40432,-2.40275,-2.40114,-2.39952,-2.39788,-2.39624,-2.39461,-2.393,-2.39142,-2.38987,-2.38837,-2.38692,-2.38552,-2.38417,-2.38287,-2.38162,-2.38039,-2.37915,-2.37793,-2.37671,-2.37552,-2.37441,-2.37344,-2.37269,-2.37226,-2.37219,-2.37251,-2.37316,-2.37316
-2.26995,-2.26995,-2.26979,-2.26966,-2.26956,-2.2695,-2.2695,-2.26956,-2.2697,-2.26991,-2.27022,-2.27062,-2.27114,-2.27176,-2.27249,-2.27332,-2.27425,-2.27528,-2.27644,-2.27769,-2.27905,-2.28049,-2.28202,-2.28363,-2.2853,-2.28704,-2.28883,-2.29066,-2.29251,-2.29437,-2.29623,-2.29808,-2.29992,-2.30174,-2.30352,-2.30525,-2.30692,-2.30853,-2.31009,-2.31158,-2.31299,-2.31432,-2.31556,-2.31672,-2.31779,-2.31878,-2.31967,-2.32047,-2.32117,-2.32178,-2.32229,-2.3227,-2.32301,-2.32322,-2.32333,-2.32334,-2.32325,-2.32306,-2.32278,-2.32239,-2.32191,-2.32133,-2.32065,-2.31988,-2.31902,-2.31807,-2.31703,-2.31591,-2.31471,-2.31343,-2.3121,-2.31069,-2.30924,-2.30774,-2.3062,-2.30463,-2.30304,-2.30144,-2.29984,-2.29825,-2.29667,-2.29513,-2.29363,-2.29217,-2.29075,-2.28939,-2.28808,-2.28681,-2.28558,-2.28435,-2.28314,-2.28192,-2.28071,-2.27952,-2.2784,-2.27742,-2.27666,-2.27622,-2.27614,-2.27645,-2.27707,-2.27707
-2.17214,-2.17214,-2.17198,-2.17185,-2.17176,-2.17171,-2.17173,-2.17182,-2.172,-2.17226,-2.17263,-2.17311,-2.1737,-2.1744,-2.1752,-2.1761,-2.17711,-2.17824,-2.17947,-2.1808,-2.18222,-2.18373,-2.18532,-2.18698,-2.1887,-2.19049,-2.19232,-2.19417,-2.19603,-2.1979,-2.19977,-2.20163,-2.20347,-2.20528,-2.20704,-2.20874,-2.21039,-2.21199,-2.21353,-2.21498,-2.21636,-2.21766,-2.21888,-2.22001,-2.22106,-2.22202,-2.22288,-2.22366,-2.22434,-2.22493,-2.22542,-2.22582,-2.22611,-2.22631,-2.22642,-2.22642,-2.22633,-2.22614,-2.22585,-2.22548,-2.225,-2.22442,-2.22376,-2.223,-2.22215,-2.22122,-2.2202,-2.2191,-2.21792,-2.21668,-2.21536,-2.21399,-2.21257,-2.2111,-2.20959,-2.20806,-2.2065,-2.20494,-2.20337,-2.20182,-2.20028,-2.19878,-2.19731,-2.19588,-2.1945,-2.19316,-2.19188,-2.19063,-2.18941,-2.18819,-2.18697,-2.18575,-2.18453,-2.18332,-2.18218,-2.18118,-2.1804,-2.17994,-2.17986,-2.18015,-2.18075,-2.18075
-2.07431,-2.07431,-2.07415,-2.07402,-2.07394,-2.07391,-2.07395,-2.07406,-2.07428,-2.0746,-2.07503,-2.07557,-2.07623,-2.07699,-2.07786,-2.07884,-2.07994,-2.08114,-2.08245,-2.08384,-2.08532,-2.08689,-2.08854,-2.09026,-2.09203,-2.09386,-2.09571,-2.09757,-2.09945,-2.10134,-2.10322,-2.10509,-2.10693,-2.10872,-2.11046,-2.11215,-2.11379,-2.11537,-2.11687,-2.1183,-2.11965,-2.12092,-2.12212,-2.12322,-2.12425,-2.12518,-2.12603,-2.12678,-2.12744,-2.12801,-2.12849,-2.12887,-2.12916,-2.12935,-2.12945,-2.12944,-2.12935,-2.12916,-2.12888,-2.1285,-2.12803,-2.12746,-2.12681,-2.12606,-2.12523,-2.12431,-2.12331,-2.12223,-2.12108,-2.11986,-2.11858,-2.11723,-2.11584,-2.1144,-2.11293,-2.11142,-2.1099,-2.10837,-2.10684,-2.10532,-2.10382,-2.10234,-2.1009,-2.0995,-2.09815,-2.09684,-2.09557,-2.09433,-2.09311,-2.09189,-2.09066,-2.08942,-2.08817,-2.08693,-2.08576,-2.08472,-2.08392,-2.08344,-2.08335,-2.08363,-2.08421,-2.08421
-1.97646,-1.97646,-1.9763,-1.97618,-1.9761,-1.97608,-1.97614,-1.97629,-1.97655,-1.97692,-1.9774,-1.97801,-1.97872,-1.97954,-1.98048,-1.98154,-1.98271,-1.98399,-1.98535,-1.98681,-1.98835,-1.98998,-1.99169,-1.99346,-1.99528,-1.99712,-1.999,-2.00089,-2.0028,-2.0047,-2.00659,-2.00846,-2.01028,-2.01205,-2.01378,-2.01547,-2.0171,-2.01865,-2.02013,-2.02153,-2.02286,-2.02411,-2.02527,-2.02636,-2.02736,-2.02827,-2.0291,-2.02983,-2.03047,-2.03102,-2.03149,-2.03186,-2.03214,-2.03232,-2.03241,-2.0324,-2.0323,-2.03212,-2.03184,-2.03147,-2.031,-2.03045,-2.0298,-2.02907,-2.02825,-2.02735,-2.02637,-2.02531,-2.02419,-2.02299,-2.02173,-2.02041,-2.01905,-2.01764,-2.01619,-2.01472,-2.01323,-2.01173,-2.01024,-2.00874,-2.00727,-2.00582,-2.00441,-2.00303,-2.0017,-2.0004,-1.99915,-1.99791,-1.99667,-1.99544,-1.99419,-1.99292,-1.99164,-1.99036,-1.98914,-1.98806,-1.98723,-1.98673,-1.98662,-1.98689,-1.98746,-1.98746
-1.87859,-1.87859,-1.87843,-1.8783,-1.87823,-1.87823,-1.87831,-1.87849,-1.87879,-1.87921,-1.87975,-1.8804,-1.88117,-1.88206,-1.88307,-1.8842,-1.88543,-1.88676,-1.88818,-1.88971,-1.89132,-1.89301,-1.89476,-1.89657,-1.89842,-1.90029,-1.9022,-1.90413,-1.90605,-1.90797,-1.90986,-1.91172,-1.91353,-1.9153,-1.91703,-1.9187,-1.9203,-1.92183,-1.92329,-1.92467,-1.92598,-1.9272,-1.92835,-1.92942,-1.93039,-1.93128,-1.93209,-1.9328,-1.93343,-1.93397,-1.93442,-1.93478,-1.93505,-1.93523,-1.93531,-1.9353,-1.9352,-1.93502,-1.93474,-1.93437,-1.93392,-1.93337,-1.93274,-1.93202,-1.93121,-1.93033,-1.92937,-1.92833,-1.92722,-1.92605,-1.92482,-1.92353,-1.92219,-1.92081,-1.91939,-1.91795,-1.91649,-1.91502,-1.91355,-1.91208,-1.91064,-1.90921,-1.90782,-1.90646,-1.90514,-1.90386,-1.9026,-1.90135,-1.90011,-1.89885,-1.89757,-1.89626,-1.89493,-1.89359,-1.89232,-1.8912,-1.89033,-1.88982,-1.8897,-1.88996,-1.89052,-1.89052
-1.78068,-1.78068,-1.78052,-1.7804,-1.78033,-1.78035,-1.78045,-1.78067,-1.78101,-1.78147,-1.78205,-1.78275,-1.78358,-1.78453,-1.78561,-1.78679,-1.78808,-1.78946,-1.79095,-1.79254,-1.79421,-1.79595,-1.79774,-1.79958,-1.80147,-1.80338,-1.80532,-1.80727,-1.80921,-1.81113,-1.81302,-1.81487,-1.81669,-1.81846,-1.82018,-1.82183,-1.82341,-1.82492,-1.82636,-1.82772,-1.82901,-1.83022,-1.83135,-1.83239,-1.83334,-1.83421,-1.835,-1.8357,-1.83632,-1.83685,-1.83728,-1.83763,-1.83789,-1.83806,-1.83814,-1.83813,-1.83803,-1.83785,-1.83758,-1.83721,-1.83676,-1.83623,-1.8356,-1.83489,-1.83411,-1.83324,-1.8323,-1.83128,-1.83019,-1.82904,-1.82783,-1.82657,-1.82525,-1.8239,-1.82251,-1.82109,-1.81966,-1.81822,-1.81677,-1.81533,-1.81391,-1.8125,-1.81113,-1.80978,-1.80847,-1.80719,-1.80592,-1.80466,-1.8034,-1.80212,-1.8008,-1.79944,-1.79804,-1.79665,-1.79532,-1.79415,-1.79325,-1.79271,-1.79258,-1.79284,-1.79338,-1.79338
-1.68274,-1.68274,-1.68258,-1.68246,-1.68241,-1.68244,-1.68257,-1.68282,-1.68319,-1.68369,-1.68431,-1.68506,-1.68595,-1.68696,-1.68809,-1.68932,-1.69066,-1.69211,-1.69366,-1.6953,-1.69702,-1.69879,-1.70063,-1.70251,-1.70444,-1.70639,-1.70835,-1.71031,-1.71226,-1.71419,-1.71608,-1.71794,-1.71976,-1.72153,-1.72323,-1.72486,-1.72642,-1.72792,-1.72934,-1.73068,-1.73196,-1.73314,-1.73425,-1.73527,-1.7362,-1.73706,-1.73784,-1.73853,-1.73913,-1.73964,-1.74007,-1.74041,-1.74066,-1.74083,-1.74091,-1.7409,-1.7408,-1.74061,-1.74034,-1.73999,-1.73955,-1.73901,-1.7384,-1.73771,-1.73694,-1.73608,-1.73516,-1.73416,-1.73309,-1.73196,-1.73077,-1.72953,-1.72824,-1.72691,-1.72555,-1.72416,-1.72275,-1.72133,-1.7199,-1.71848,-1.71708,-1.71569,-1.71433,-1.713,-1.71169,-1.7104,-1.70912,-1.70784,-1.70655,-1.70523,-1.70386,-1.70244,-1.70098,-1.69952,-1.69813,-1.69691,-1.69597,-1.69542,-1.69528,-1.69553,-1.69607,-1.69607
-1.58476,-1.58476,-1.5846,-1.58449,-1.58444,-1.58449,-1.58465,-1.58493,-1.58534,-1.58587,-1.58653,-1.58734,-1.58828,-1.58933,-1.5905,-1.59178,-1.59319,-1.59469,-1.5963,-1.59798,-1.59973,-1.60155,-1.60343,-1.60536,-1.60732,-1.6093,-1.61128,-1.61325,-1.61521,-1.61715,-1.61905,-1.62091,-1.62273,-1.62448,-1.62617,-1.62779,-1.62934,-1.63082,-1.63223,-1.63356,-1.63481,-1.63598,-1.63706,-1.63807,-1.63899,-1.63984,-1.6406,-1.64127,-1.64186,-1.64236,-1.64278,-1.64312,-1.64336,-1.64353,-1.6436,-1.64359,-1.64349,-1.64331,-1.64304,-1.64269,-1.64225,-1.64173,-1.64113,-1.64045,-1.63969,-1.63886,-1.63794,-1.63696,-1.63592,-1.63481,-1.63364,-1.63242,-1.63115,-1.62984,-1.6285,-1.62713,-1.62574,-1.62434,-1.62294,-1.62154,-1.62015,-1.61878,-1.61743,-1.6161,-1.61478,-1.61348,-1.61219,-1.61089,-1.60956,-1.60819,-1.60677,-1.60528,-1.60375,-1.60222,-1.60076,-1.59949,-1.59852,-1.59795,-1.59781,-1.59806,-1.59858,-1.59858
-1.48674,-1.48674,-1.48658,-1.48647,-1.48644,-1.48651,-1.4867,-1.487,-1.48743,-1.488,-1.48871,-1.48956,-1.49054,-1.49163,-1.49285,-1.49419,-1.49565,-1.4972,-1.49884,-1.50056,-1.50236,-1.50423,-1.50615,-1.50812,-1.5101,-1.5121,-1.5141,-1.5161,-1.51807,-1.52001,-1.52192,-1.52379,-1.5256,-1.52734,-1.52901,-1.53062,-1.53217,-1.53364,-1.53503,-1.53634,-1.53757,-1.53872,-1.53979,-1.54079,-1.5417,-1.54253,-1.54328,-1.54394,-1.54451,-1.54501,-1.54542,-1.54575,-1.54599,-1.54615,-1.54622,-1.54621,-1.54611,-1.54594,-1.54567,-1.54533,-1.5449,-1.54439,-1.5438,-1.54312,-1.54238,-1.54155,-1.54066,-1.53969,-1.53866,-1.53757,-1.53643,-1.53522,-1.53398,-1.53269,-1.53137,-1.53002,-1.52865,-1.52727,-1.52588,-1.5245,-1.52312,-1.52176,-1.52041,-1.51907,-1.51775,-1.51644,-1.51513,-1.51379,-1.51243,-1.511,-1.50951,-1.50795,-1.50634,-1.50473,-1.50321,-1.50189,-1.50089,-1.5003,-1.50016,-1.50041,-1.50093,-1.50093
-1.38867,-1.38867,-1.38851,-1.38841,-1.3884,-1.38849,-1.38869,-1.38902,-1.38948,-1.39009,-1.39084,-1.39173,-1.39274,-1.39388,-1.39515,-1.39654,-1.39803,-1.39962,-1.4013,-1.40307,-1.40491,-1.40682,-1.40878,-1.41077,-1.41278,-1.41481,-1.41683,-1.41884,-1.42082,-1.42278,-1.4247,-1.42656,-1.42836,-1.43009,-1.43176,-1.43337,-1.4349,-1.43636,-1.43773,-1.43903,-1.44024,-1.44138,-1.44244,-1.44343,-1.44432,-1.44514,-1.44587,-1.44652,-1.44709,-1.44758,-1.44799,-1.44831,-1.44855,-1.4487,-1.44877,-1.44876,-1.44866,-1.44849,-1.44823,-1.44789,-1.44747,-1.44696,-1.44638,-1.44572,-1.44498,-1.44417,-1.44329,-1.44234,-1.44133,-1.44026,-1.43913,-1.43794,-1.43671,-1.43544,-1.43414,-1.43281,-1.43146,-1.43009,-1.42872,-1.42735,-1.42598,-1.42462,-1.42327,-1.42193,-1.4206,-1.41927,-1.41793,-1.41656,-1.41514,-1.41366,-1.41209,-1.41045,-1.40876,-1.40708,-1.40549,-1.40412,-1.40309,-1.4025,-1.40236,-1.4026,-1.40312,-1.40312
-1.29055,-1.29055,-1.29039,-1.29031,-1.29031,-1.29041,-1.29063,-1.29099,-1.29149,-1.29213,-1.29291,-1.29382,-1.29487,-1.29606,-1.29738,-1.2988,-1.30033,-1.30196,-1.30368,-1.3055,-1.30738,-1.30933,-1.31131,-1.31333,-1.31537,-1.31742,-1.31946,-1.32148,-1.32349,-1.32545,-1.32737,-1.32922,-1.33102,-1.33275,-1.33442,-1.33602,-1.33754,-1.33898,-1.34034,-1.34162,-1.34283,-1.34396,-1.34501,-1.34597,-1.34686,-1.34766,-1.34839,-1.34903,-1.34959,-1.35007,-1.35047,-1.35079,-1.35103,-1.35118,-1.35124,-1.35123,-1.35114,-1.35097,-1.35071,-1.35038,-1.34996,-1.34947,-1.34889,-1.34824,-1.34751,-1.34672,-1.34585,-1.34492,-1.34392,-1.34286,-1.34174,-1.34058,-1.33936,-1.33811,-1.33682,-1.33551,-1.33417,-1.33282,-1.33146,-1.33009,-1.32873,-1.32737,-1.32602,-1.32467,-1.32332,-1.32197,-1.3206,-1.31918,-1.31771,-1.31616,-1.31451,-1.31279,-1.31101,-1.30925,-1.30759,-1.30618,-1.30513,-1.30453,-1.3044,-1.30465,-1.30516,-1.30516
-1.19238,-1.19237,-1.19223,-1.19216,-1.19217,-1.19229,-1.19253,-1.19291,-1.19344,-1.19411,-1.19491,-1.19586,-1.19696,-1.19818,-1.19952,-1.20098,-1.20254,-1.20422,-1.20599,-1.20784,-1.20976,-1.21173,-1.21375,-1.2158,-1.21786,-1.21993,-1.22199,-1.22403,-1.22605,-1.22802,-1.22993,-1.23178,-1.23358,-1.23532,-1.23698,-1.23857,-1.24007,-1.2415,-1.24285,-1.24413,-1.24533,-1.24645,-1.24748,-1.24843,-1.24931,-1.25011,-1.25082,-1.25146,-1.25201,-1.25249,-1.25289,-1.2532,-1.25343,-1.25358,-1.25365,-1.25363,-1.25355,-1.25337,-1.25312,-1.25279,-1.25238,-1.25189,-1.25132,-1.25068,-1.24997,-1.24918,-1.24833,-1.24741,-1.24642,-1.24537,-1.24427,-1.24312,-1.24192,-1.24068,-1.23941,-1.23811,-1.23678,-1.23544,-1.23408,-1.23272,-1.23136,-1.23,-1.22864,-1.22729,-1.22592,-1.22454,-1.22313,-1.22166,-1.22013,-1.2185,-1.21677,-1.21496,-1.21309,-1.21125,-1.20953,-1.20808,-1.20702,-1.20642,-1.20629,-1.20654,-1.20705,-1.20705
-1.09414,-1.09414,-1.09401,-1.09395,-1.09397,-1.0941,-1.09437,-1.09478,-1.09533,-1.09602,-1.09686,-1.09785,-1.09897,-1.10022,-1.10159,-1.10308,-1.10469,-1.1064,-1.10821,-1.11009,-1.11204,-1.11404,-1.11609,-1.11817,-1.12026,-1.12235,-1.12443,-1.12648,-1.1285,-1.13047,-1.13239,-1.13425,-1.13605,-1.13779,-1.13944,-1.14102,-1.14252,-1.14394,-1.14529,-1.14656,-1.14774,-1.14884,-1.14987,-1.15081,-1.15168,-1.15247,-1.15318,-1.15381,-1.15436,-1.15483,-1.15522,-1.15553,-1.15576,-1.1559,-1.15597,-1.15596,-1.15587,-1.15571,-1.15546,-1.15513,-1.15472,-1.15424,-1.15368,-1.15305,-1.15234,-1.15157,-1.15072,-1.14981,-1.14883,-1.1478,-1.14671,-1.14558,-1.14439,-1.14317,-1.1419,-1.14061,-1.13929,-1.13795,-1.1366,-1.13525,-1.13388,-1.13252,-1.13116,-1.12978,-1.1284,-1.12698,-1.12552,-1.124,-1.12239,-1.12068,-1.11887,-1.11696,-1.115,-1.11308,-1.11131,-1.10983,-1.10875,-1.10815,-1.10803,-1.1083,-1.10881,-1.10881
-0.99586,-0.995865,-0.995735,-0.995674,-0.995711,-0.995869,-0.996157,-0.996583,-0.997152,-0.997872,-0.998744,-0.999758,-1.00091,-1.00218,-1.00358,-1.00511,-1.00676,-1.0085,-1.01033,-1.01225,-1.01423,-1.01626,-1.01834,-1.02044,-1.02255,-1.02466,-1.02676,-1.02883,-1.03085,-1.03283,-1.03476,-1.03663,-1.03843,-1.04015,-1.0418,-1.04337,-1.04487,-1.04629,-1.04763,-1.04888,-1.05006,-1.05115,-1.05217,-1.05311,-1.05397,-1.05475,-1.05545,-1.05608,-1.05663,-1.05709,-1.05747,-1.05778,-1.05801,-1.05816,-1.05823,-1.05821,-1.05813,-1.05796,-1.05771,-1.05739,-1.05699,-1.05651,-1.05596,-1.05533,-1.05464,-1.05387,-1.05303,-1.05213,-1.05117,-1.05015,-1.04907,-1.04794,-1.04676,-1.04554,-1.04429,-1.043,-1.04169,-1.04036,-1.03902,-1.03766,-1.0363,-1.03493,-1.03355,-1.03216,-1.03074,-1.02929,-1.02778,-1.02619,-1.0245,-1.02271,-1.0208,-1.01879,-1.01675,-1.01476,-1.01294,-1.01142,-1.01034,-1.00976,-1.00965,-1.00992,-1.01043,-1.01043
-0.89752,-0.897522,-0.897392,-0.897344,-0.8974,-0.897575,-0.897877,-0.898321,-0.898916,-0.899663,-0.900559,-0.901592,-0.90276,-0.904061,-0.905498,-0.907063,-0.908737,-0.910507,-0.912367,-0.914311,-0.916327,-0.918394,-0.920494,-0.922615,-0.92475,-0.926882,-0.928994,-0.931071,-0.933107,-0.935096,-0.93703,-0.938901,-0.940699,-0.942422,-0.94407,-0.945642,-0.947134,-0.948545,-0.949872,-0.951119,-0.95229,-0.953385,-0.954396,-0.955323,-0.956173,-0.956951,-0.957653,-0.958273,-0.958811,-0.959269,-0.959651,-0.959958,-0.960185,-0.960331,-0.960397,-0.960386,-0.960301,-0.960138,-0.959894,-0.959571,-0.959174,-0.958703,-0.958159,-0.957541,-0.95685,-0.956087,-0.955257,-0.954363,-0.953408,-0.952394,-0.951324,-0.950203,-0.949034,-0.947825,-0.946579,-0.945301,-0.943997,-0.942671,-0.941328,-0.939971,-0.938602,-0.937221,-0.935825,-0.934407,-0.932956,-0.931457,-0.929888,-0.928231,-0.926464,-0.924574,-0.922566,-0.920467,-0.918338,-0.916277,-0.914412,-0.912881,-0.911802,-0.911229,-0.911136,-0.911415,-0.911927,-0.911927
-0.79911,-0.799108,-0.79899,-0.798959,-0.79903,-0.799215,-0.799533,-0.799998,-0.800617,-0.801385,-0.802297,-0.803348,-0.804539,-0.805872,-0.807341,-0.808929,-0.810624,-0.81242,-0.814314,-0.816293,-0.818335,-0.820423,-0.822546,-0.824694,-0.826853,-0.829001,-0.831124,-0.833213,-0.835262,-0.837263,-0.839203,-0.841074,-0.842873,-0.844599,-0.846247,-0.847816,-0.849302,-0.850705,-0.852028,-0.853275,-0.854444,-0.855526,-0.856524,-0.857449,-0.858302,-0.859077,-0.859769,-0.86038,-0.860913,-0.861372,-0.861755,-0.86206,-0.862282,-0.862425,-0.862492,-0.862485,-0.8624,-0.862236,-0.861993,-0.861676,-0.861285,-0.860819,-0.860278,-0.859661,-0.858971,-0.858213,-0.857391,-0.856506,-0.855559,-0.854552,-0.853489,-0.852375,-0.851215,-0.850014,-0.848775,-0.847502,-0.846201,-0.844877,-0.843533,-0.842172,-0.840795,-0.8394,-0.837982,-0.836535,-0.835044,-0.833492,-0.83186,-0.830125,-0.82827,-0.826284,-0.824176,-0.821982,-0.81977,-0.817646,-0.815745,-0.814204,-0.813134,-0.812581,-0.812506,-0.812794,-0.813306,-0.813306
-0.70063,-0.700628,-0.700529,-0.700512,-0.700591,-0.70079,-0.701127,-0.701613,-0.702249,-0.703032,-0.703958,-0.705028,-0.706246,-0.707608,-0.709098,-0.710704,-0.712422,-0.714251,-0.716178,-0.718181,-0.720244,-0.722355,-0.724506,-0.726679,-0.728855,-0.731016,-0.733154,-0.735259,-0.737322,-0.739331,-0.741276,-0.743151,-0.744955,-0.746683,-0.74833,-0.749894,-0.751376,-0.752778,-0.754103,-0.755347,-0.756503,-0.757574,-0.758575,-0.759503,-0.760351,-0.761114,-0.761798,-0.762407,-0.762941,-0.763401,-0.763781,-0.764079,-0.764299,-0.764444,-0.764512,-0.764504,-0.764417,-0.764251,-0.764011,-0.763698,-0.763311,-0.762846,-0.762305,-0.761691,-0.761007,-0.760258,-0.759444,-0.758565,-0.757623,-0.75662,-0.755564,-0.754458,-0.753305,-0.752109,-0.750874,-0.749604,-0.748305,-0.746981,-0.745634,-0.744266,-0.742877,-0.741463,-0.740021,-0.738538,-0.737001,-0.735392,-0.733689,-0.731871,-0.729923,-0.727837,-0.725628,-0.72334,-0.721051,-0.718873,-0.716944,-0.715401,-0.714348,-0.71382,-0.713766,-0.714064,-0.714576,-0.714576
-0.602087,-0.602088,-0.602003,-0.601995,-0.602087,-0.602302,-0.602657,-0.603158,-0.603808,-0.604602,-0.605543,-0.606637,-0.607881,-0.609262,-0.610765,-0.612391,-0.61414,-0.616001,-0.61795,-0.619971,-0.622056,-0.624197,-0.626374,-0.628565,-0.630755,-0.632932,-0.635087,-0.637209,-0.639284,-0.6413,-0.643251,-0.645134,-0.646942,-0.648671,-0.650316,-0.651879,-0.653364,-0.654769,-0.65609,-0.657322,-0.658471,-0.659548,-0.660552,-0.661474,-0.662309,-0.663066,-0.66375,-0.664359,-0.664892,-0.665346,-0.665719,-0.666015,-0.666237,-0.666383,-0.666448,-0.666437,-0.66635,-0.666188,-0.665953,-0.665643,-0.665254,-0.664788,-0.664249,-0.66364,-0.662965,-0.662222,-0.661411,-0.660535,-0.659596,-0.6586,-0.657551,-0.656451,-0.655302,-0.654109,-0.652876,-0.651609,-0.65031,-0.648983,-0.647631,-0.646253,-0.644848,-0.643413,-0.641939,-0.640416,-0.638828,-0.637154,-0.635375,-0.633469,-0.631423,-0.629235,-0.626926,-0.624548,-0.622188,-0.619964,-0.618018,-0.616484,-0.615455,-0.614956,-0.614924,-0.615234,-0.615745,-0.615745
-0.503484,-0.503486,-0.503409,-0.503412,-0.50352,-0.503751,-0.50412,-0.504633,-0.505292,-0.506098,-0.507059,-0.508176,-0.509436,-0.510826,-0.512346,-0.514002,-0.515779,-0.517658,-0.519623,-0.521668,-0.523783,-0.525949,-0.528143,-0.530349,-0.532556,-0.534753,-0.536926,-0.539062,-0.541147,-0.543172,-0.545132,-0.547022,-0.548832,-0.55056,-0.552208,-0.553777,-0.555265,-0.556666,-0.557977,-0.559206,-0.560362,-0.561444,-0.56244,-0.563348,-0.564179,-0.564939,-0.565625,-0.566232,-0.56676,-0.567208,-0.567579,-0.567877,-0.568099,-0.56824,-0.568301,-0.568291,-0.568208,-0.568051,-0.567817,-0.567503,-0.567112,-0.566647,-0.566114,-0.565513,-0.564841,-0.564099,-0.56329,-0.562417,-0.561484,-0.560495,-0.55945,-0.558352,-0.557205,-0.556015,-0.554784,-0.553517,-0.552217,-0.550885,-0.549523,-0.548132,-0.546708,-0.545246,-0.543737,-0.542168,-0.540523,-0.538779,-0.536918,-0.534919,-0.532771,-0.530479,-0.528073,-0.52561,-0.523187,-0.520929,-0.518977,-0.51746,-0.516464,-0.515998,-0.515992,-0.516313,-0.516822,-0.516822
-0.404815,-0.404816,-0.404751,-0.404768,-0.404889,-0.405133,-0.405514,-0.406035,-0.406703,-0.407526,-0.408507,-0.409637,-0.410903,-0.412307,-0.413854,-0.415535,-0.417328,-0.41922,-0.421207,-0.42328,-0.425418,-0.427599,-0.429808,-0.432032,-0.43426,-0.436476,-0.438666,-0.440814,-0.442909,-0.444945,-0.446914,-0.448809,-0.450624,-0.452359,-0.454015,-0.455588,-0.457072,-0.458466,-0.459779,-0.461017,-0.462177,-0.463249,-0.464234,-0.465141,-0.465977,-0.466739,-0.46742,-0.468022,-0.468545,-0.468991,-0.469365,-0.469662,-0.469879,-0.470016,-0.470078,-0.470072,-0.469992,-0.469833,-0.469595,-0.469278,-0.468888,-0.46843,-0.467903,-0.467303,-0.466631,-0.46589,-0.465084,-0.464216,-0.463288,-0.462301,-0.461258,-0.460161,-0.459017,-0.457829,-0.456599,-0.45533,-0.454025,-0.452685,-0.451312,-0.449904,-0.448457,-0.446964,-0.445414,-0.443794,-0.442085,-0.440266,-0.438317,-0.43622,-0.433969,-0.431575,-0.429073,-0.426533,-0.424057,-0.421776,-0.41983,-0.418341,-0.417385,-0.416957,-0.416977,-0.417309,-0.417816,-0.417816
-0.30608,-0.306081,-0.30603,-0.306061,-0.306194,-0.30645,-0.306839,-0.307367,-0.308047,-0.308888,-0.30988,-0.311014,-0.312292,-0.313719,-0.315287,-0.316979,-0.318782,-0.320694,-0.322707,-0.3248,-0.326952,-0.329148,-0.331375,-0.33362,-0.335868,-0.338102,-0.340306,-0.342466,-0.344573,-0.346621,-0.348598,-0.350501,-0.352325,-0.354071,-0.355732,-0.357303,-0.358784,-0.360184,-0.361507,-0.362748,-0.363899,-0.364962,-0.365948,-0.366862,-0.3677,-0.368457,-0.369133,-0.36973,-0.370252,-0.370701,-0.371073,-0.371365,-0.371578,-0.371716,-0.371783,-0.371778,-0.371694,-0.37153,-0.371288,-0.370974,-0.370591,-0.370137,-0.369608,-0.369006,-0.368335,-0.367598,-0.366796,-0.365931,-0.365004,-0.364018,-0.362976,-0.361882,-0.36074,-0.359551,-0.358319,-0.357045,-0.355734,-0.354384,-0.352996,-0.351568,-0.350094,-0.348565,-0.34697,-0.345293,-0.343515,-0.341614,-0.339572,-0.337374,-0.335019,-0.332523,-0.329933,-0.327325,-0.324808,-0.322516,-0.320588,-0.319139,-0.318229,-0.317843,-0.317891,-0.318234,-0.318737,-0.318737
-0.207283,-0.207283,-0.207247,-0.207291,-0.207438,-0.207702,-0.208095,-0.208634,-0.209329,-0.210181,-0.211178,-0.212318,-0.213613,-0.215057,-0.216634,-0.218332,-0.220152,-0.222087,-0.224118,-0.226222,-0.228386,-0.2306,-0.232848,-0.235113,-0.23738,-0.239629,-0.241845,-0.244018,-0.246139,-0.248199,-0.250188,-0.252103,-0.253939,-0.25569,-0.257351,-0.258924,-0.260416,-0.261826,-0.263151,-0.264385,-0.265531,-0.266598,-0.267592,-0.268507,-0.26934,-0.270091,-0.270764,-0.271361,-0.271885,-0.272333,-0.2727,-0.272987,-0.273202,-0.273344,-0.27341,-0.273401,-0.27331,-0.273143,-0.272905,-0.272597,-0.272216,-0.271758,-0.271227,-0.270627,-0.269959,-0.269225,-0.268424,-0.267559,-0.266633,-0.265648,-0.264608,-0.263515,-0.262372,-0.261181,-0.259944,-0.258665,-0.257345,-0.255982,-0.254577,-0.253124,-0.251619,-0.250049,-0.248403,-0.246663,-0.244809,-0.242822,-0.240683,-0.238382,-0.235923,-0.233331,-0.230659,-0.227993,-0.225449,-0.223161,-0.221264,-0.219864,-0.219007,-0.218667,-0.218743,-0.219096,-0.219595,-0.219595
-0.108425,-0.108423,-0.108404,-0.108464,-0.108621,-0.108889,-0.109289,-0.109844,-0.110553,-0.111404,-0.112403,-0.113557,-0.114865,-0.116314,-0.117893,-0.119605,-0.121445,-0.123394,-0.125432,-0.127547,-0.129728,-0.131961,-0.134229,-0.136513,-0.138794,-0.141054,-0.143284,-0.145473,-0.14761,-0.149683,-0.151686,-0.153613,-0.155456,-0.157211,-0.15888,-0.160466,-0.161968,-0.163381,-0.164702,-0.165934,-0.167086,-0.168161,-0.169156,-0.170067,-0.170895,-0.171645,-0.172319,-0.172918,-0.173441,-0.173883,-0.174246,-0.174536,-0.174754,-0.174894,-0.174954,-0.174938,-0.174846,-0.174683,-0.17445,-0.174141,-0.173755,-0.173296,-0.172767,-0.17217,-0.171502,-0.170767,-0.169966,-0.169102,-0.168177,-0.167194,-0.166154,-0.165059,-0.163913,-0.162718,-0.161477,-0.16019,-0.158858,-0.15748,-0.156053,-0.154573,-0.15303,-0.151415,-0.149712,-0.147903,-0.145968,-0.143889,-0.141651,-0.139246,-0.136686,-0.134003,-0.13126,-0.128549,-0.125992,-0.123723,-0.12187,-0.120529,-0.119732,-0.119439,-0.119544,-0.119906,-0.120399,-0.120399
-0.00950734,-0.00950559,-0.00950629,-0.00957982,-0.00974137,-0.0100164,-0.0104356,-0.0110005,-0.0117069,-0.0125587,-0.0135667,-0.0147316,-0.0160417,-0.0174894,-0.019078,-0.0208061,-0.022657,-0.0246101,-0.0266547,-0.028784,-0.0309839,-0.0332352,-0.0355188,-0.0378151,-0.0401062,-0.0423802,-0.0446276,-0.0468349,-0.0489872,-0.051075,-0.0530906,-0.0550258,-0.0568766,-0.0586442,-0.0603286,-0.0619257,-0.0634308,-0.0648427,-0.0661654,-0.0674055,-0.0685657,-0.0696435,-0.0706354,-0.0715433,-0.0723713,-0.073123,-0.0737992,-0.0743977,-0.0749158,-0.0753549,-0.0757198,-0.076012,-0.0762266,-0.0763599,-0.0764139,-0.0763973,-0.0763105,-0.0761515,-0.0759147,-0.0756,-0.0752128,-0.0747566,-0.0742296,-0.0736302,-0.0729612,-0.0722259,-0.0714258,-0.0705625,-0.0696375,-0.0686528,-0.0676106,-0.0665139,-0.065365,-0.0641655,-0.0629167,-0.0616195,-0.0602733,-0.0588762,-0.0574244,-0.0559114,-0.0543277,-0.0526606,-0.0508944,-0.049011,-0.046991,-0.0448167,-0.0424763,-0.0399692,-0.0373124,-0.0345474,-0.0317443,-0.0290036,-0.0264491,-0.024214,-0.022419,-0.0211459,-0.0204142,-0.0201712,-0.0203046,-0.0206752,-0.0211606,-0.0211605
0.0894623,0.0894617,0.0894426,0.0893618,0.0891914,0.0888981,0.0884703,0.0879067,0.0872016,0.0863429,0.0853273,0.0841632,0.082857,0.0814041,0.0798029,0.0780674,0.0762174,0.0742619,0.0722049,0.0700589,0.0678442,0.0655807,0.0632875,0.0609827,0.0586786,0.0563852,0.0541182,0.0518955,0.0497297,0.0476292,0.0456028,0.0436559,0.041789,0.0400044,0.0383088,0.0367075,0.0351999,0.033782,0.0324492,0.0312,0.0300362,0.0289597,0.0279688,0.0270593,0.0262278,0.0254736,0.0247981,0.0242031,0.0236875,0.0232471,0.0228807,0.0225923,0.0223851,0.0222567,0.0222011,0.0222126,0.0222979,0.0224626,0.0227054,0.0230199,0.0234038,0.0238605,0.0243913,0.0249929,0.0256612,0.0263955,0.0271957,0.0280605,0.0289876,0.0299743,0.0310184,0.0321181,0.0332719,0.0344782,0.0357362,0.0370463,0.0384096,0.0398293,0.0413104,0.0428608,0.0444912,0.0462154,0.04805,0.0500133,0.0521234,0.0543957,0.0568379,0.0594446,0.0621914,0.0650283,0.0678768,0.0706309,0.0731655,0.0753512,0.0770761,0.0782721,0.0789342,0.0791261,0.0789649,0.0785878,0.0781115,0.0781115
0.188475,0.188473,0.188443,0.18835,0.188164,0.18786,0.187432,0.18687,0.18616,0.185296,0.184283,0.183126,0.181819,0.180357,0.178751,0.177021,0.175174,0.173209,0.171138,0.168981,0.166759,0.16449,0.16219,0.159874,0.15755,0.155238,0.152957,0.150722,0.148543,0.14643,0.144389,0.142424,0.140539,0.138742,0.137041,0.135434,0.133916,0.132486,0.131143,0.129889,0.128724,0.127646,0.126651,0.125737,0.124903,0.124148,0.123475,0.122882,0.122365,0.121924,0.121562,0.12128,0.121076,0.120946,0.120884,0.120896,0.120989,0.12116,0.121402,0.121713,0.122099,0.122561,0.123094,0.123694,0.124362,0.125098,0.125901,0.126768,0.127697,0.128685,0.129733,0.130837,0.131997,0.133212,0.134482,0.135808,0.137192,0.138638,0.140153,0.141746,0.143428,0.145215,0.147124,0.149172,0.151375,0.153747,0.156289,0.15899,0.161818,0.164713,0.167591,0.170341,0.172839,0.174959,0.176601,0.177713,0.178302,0.178442,0.178254,0.177872,0.177407,0.177407
0.287529,0.287528,0.287483,0.287376,0.287177,0.28687,0.286443,0.285877,0.285163,0.284303,0.283299,0.282144,0.280832,0.279369,0.277774,0.276051,0.274198,0.272222,0.270145,0.267987,0.265763,0.26349,0.261181,0.258847,0.256506,0.254182,0.251892,0.249645,0.247452,0.245323,0.243263,0.241278,0.23938,0.237576,0.235866,0.234245,0.232713,0.231272,0.229922,0.228663,0.227494,0.22641,0.22541,0.224492,0.223656,0.222902,0.222229,0.221636,0.22112,0.220682,0.220324,0.220045,0.219838,0.219704,0.219643,0.219664,0.219763,0.219931,0.220171,0.220486,0.220878,0.221342,0.221873,0.222473,0.223143,0.223883,0.224688,0.225557,0.226488,0.227481,0.228533,0.229643,0.230812,0.232037,0.233322,0.234667,0.236075,0.237552,0.239105,0.240746,0.242486,0.244342,0.246329,0.248465,0.250764,0.253234,0.255872,0.25866,0.261557,0.264496,0.267386,0.270113,0.272555,0.274595,0.276144,0.277164,0.277677,0.277766,0.277554,0.277169,0.276716,0.276716
0.386619,0.386619,0.386557,0.386434,0.386228,0.385921,0.38549,0.384921,0.384212,0.383361,0.382363,0.381207,0.379896,0.378447,0.376863,0.375139,0.373278,0.371302,0.36923,0.367075,0.364851,0.362572,0.360248,0.3579,0.355552,0.353222,0.35092,0.348659,0.346451,0.344303,0.342223,0.340225,0.338318,0.336503,0.334776,0.333139,0.331594,0.330144,0.328787,0.32752,0.326343,0.325252,0.324248,0.323327,0.322489,0.321734,0.321061,0.320468,0.319953,0.319518,0.319161,0.318879,0.318669,0.318538,0.318487,0.318512,0.318608,0.318775,0.319019,0.31934,0.319735,0.320197,0.320728,0.321332,0.322007,0.322749,0.323556,0.324428,0.325363,0.32636,0.327418,0.328536,0.329715,0.330956,0.332258,0.333625,0.335061,0.336573,0.33817,0.339864,0.341668,0.343596,0.345666,0.347893,0.350287,0.352853,0.355582,0.358447,0.361398,0.364364,0.367246,0.369931,0.3723,0.374244,0.375689,0.376613,0.377049,0.377089,0.376854,0.376468,0.376029,0.376029
0.485738,0.485739,0.485657,0.485522,0.485312,0.485,0.484567,0.484002,0.483302,0.48246,0.481463,0.48031,0.479016,0.477583,0.476002,0.474275,0.47242,0.470454,0.468389,0.466239,0.464013,0.461724,0.459391,0.45704,0.45469,0.452352,0.450037,0.447762,0.445537,0.44337,0.441276,0.439269,0.43735,0.435516,0.43377,0.432119,0.430564,0.429102,0.427734,0.426458,0.425272,0.424176,0.423166,0.42224,0.4214,0.420645,0.419972,0.419377,0.418863,0.418428,0.418068,0.417783,0.417579,0.417457,0.417409,0.417431,0.417525,0.417697,0.417948,0.418272,0.418665,0.419127,0.419664,0.420273,0.420951,0.421695,0.422505,0.42338,0.424321,0.425324,0.42639,0.427518,0.428711,0.429968,0.43129,0.432683,0.434151,0.435704,0.437351,0.439104,0.440975,0.442981,0.445136,0.447454,0.449944,0.452601,0.455412,0.45834,0.46133,0.464302,0.467156,0.469779,0.472056,0.473892,0.475226,0.476049,0.476409,0.476401,0.476146,0.475762,0.475338,0.475338
0.584879,0.58488,0.584778,0.584633,0.584417,0.584102,0.58367,0.583115,0.582424,0.581585,0.580593,0.579459,0.578185,0.576759,0.57518,0.573462,0.571622,0.56967,0.567615,0.565467,0.563237,0.560945,0.558616,0.556267,0.553913,0.551565,0.54924,0.546951,0.544709,0.542528,0.540425,0.538406,0.536467,0.534613,0.532853,0.531189,0.529619,0.528144,0.526764,0.525479,0.524286,0.523181,0.522163,0.521233,0.520393,0.519636,0.518958,0.518362,0.517847,0.517409,0.517048,0.516769,0.516572,0.516452,0.5164,0.516422,0.516522,0.516701,0.516954,0.517277,0.51767,0.518138,0.518681,0.519294,0.519973,0.52072,0.521534,0.522416,0.523362,0.524373,0.525449,0.526591,0.527799,0.529075,0.530421,0.531844,0.533351,0.53495,0.536651,0.538466,0.540409,0.542496,0.544739,0.547149,0.549729,0.552471,0.555351,0.558327,0.561337,0.564295,0.5671,0.56964,0.57181,0.573525,0.574741,0.575462,0.575746,0.575693,0.575421,0.575041,0.574633,0.574633
0.684032,0.684032,0.683913,0.683759,0.683536,0.683221,0.682796,0.682249,0.681564,0.680731,0.679757,0.678645,0.677383,0.675963,0.674397,0.6727,0.670879,0.668941,0.666895,0.66475,0.662524,0.66024,0.657919,0.655572,0.653214,0.65086,0.648525,0.646223,0.643969,0.64178,0.639668,0.63763,0.63567,0.6338,0.632026,0.630346,0.62876,0.627272,0.625882,0.624586,0.62338,0.622265,0.621242,0.620311,0.619465,0.6187,0.618019,0.617422,0.616904,0.616466,0.616109,0.615836,0.61564,0.615516,0.615464,0.615492,0.615599,0.615781,0.616033,0.616357,0.616756,0.617231,0.617777,0.618391,0.619074,0.619826,0.620647,0.621534,0.622488,0.62351,0.624599,0.625756,0.626982,0.62828,0.629656,0.631115,0.632665,0.634314,0.636073,0.637954,0.639973,0.642143,0.644475,0.646974,0.649638,0.652453,0.655388,0.658395,0.661404,0.664326,0.66706,0.669498,0.671545,0.673131,0.674223,0.674841,0.675053,0.674958,0.674673,0.674298,0.673909,0.673909
0.783188,0.783188,0.783055,0.78289,0.782663,0.78235,0.781933,0.781392,0.780713,0.779897,0.778948,0.777852,0.776598,0.775195,0.773654,0.771981,0.77018,0.768257,0.76622,0.764085,0.761874,0.759606,0.757294,0.754949,0.75259,0.750232,0.747889,0.745578,0.743319,0.741125,0.738996,0.736937,0.734961,0.733078,0.731288,0.72959,0.72799,0.72649,0.725086,0.723775,0.722557,0.721435,0.720407,0.719467,0.718612,0.717843,0.71716,0.716559,0.716039,0.715604,0.715252,0.714978,0.714776,0.714653,0.714609,0.714643,0.714752,0.714933,0.715187,0.715517,0.715923,0.716402,0.71695,0.717567,0.718256,0.719014,0.719842,0.720738,0.721703,0.722737,0.72384,0.725015,0.726263,0.727589,0.728999,0.730498,0.732094,0.733796,0.735618,0.737571,0.739669,0.741923,0.744342,0.746924,0.749663,0.752537,0.755511,0.758528,0.761514,0.764377,0.767018,0.769337,0.771249,0.772695,0.773662,0.774179,0.774321,0.77419,0.773894,0.773528,0.773158,0.773158
0.882341,0.882342,0.882193,0.882018,0.881789,0.881481,0.881069,0.880534,0.87987,0.879078,0.878147,0.877064,0.87583,0.874454,0.872941,0.871293,0.869512,0.867606,0.865586,0.863474,0.861286,0.859034,0.85673,0.854392,0.852036,0.849676,0.847331,0.84502,0.84276,0.840553,0.838406,0.836332,0.834345,0.832446,0.830637,0.828924,0.827311,0.825795,0.824375,0.823049,0.821822,0.820691,0.819652,0.818701,0.817839,0.817066,0.816379,0.815774,0.815256,0.814823,0.814468,0.814189,0.81399,0.813873,0.813834,0.813869,0.813978,0.814161,0.814421,0.814759,0.815169,0.81565,0.816201,0.816825,0.817521,0.818288,0.819124,0.82003,0.821007,0.822056,0.823176,0.824372,0.825647,0.827006,0.828453,0.829995,0.831642,0.833404,0.835293,0.837321,0.839498,0.841835,0.844334,0.846991,0.849792,0.852712,0.855705,0.85871,0.861649,0.864431,0.866959,0.869141,0.870905,0.872207,0.873048,0.873468,0.873545,0.873381,0.873078,0.872723,0.872373,0.872373
0.981484,0.981485,0.981318,0.981135,0.980907,0.980603,0.980196,0.979672,0.97903,0.978258,0.977343,0.976281,0.975075,0.97373,0.972247,0.970625,0.968867,0.966985,0.964994,0.962911,0.960747,0.958512,0.956222,0.953895,0.951545,0.949191,0.946852,0.944547,0.94228,0.940059,0.9379,0.935818,0.933819,0.931902,0.930077,0.928351,0.926721,0.925188,0.923751,0.922413,0.921174,0.92003,0.918978,0.918019,0.917151,0.916371,0.915678,0.915074,0.914555,0.914116,0.913756,0.91348,0.913287,0.913173,0.913134,0.91317,0.913282,0.913471,0.913738,0.914079,0.914492,0.914977,0.915535,0.916168,0.916872,0.917647,0.918494,0.919413,0.920405,0.921471,0.922612,0.923834,0.92514,0.926535,0.928022,0.929612,0.931314,0.93314,0.935099,0.937203,0.939459,0.941874,0.944445,0.947166,0.950015,0.952961,0.955952,0.958921,0.961789,0.964467,0.966862,0.968894,0.970502,0.971659,0.972375,0.972701,0.97272,0.972528,0.972222,0.971878,0.97155,0.97155
1.08061,1.08061,1.08042,1.08024,1.08001,1.0797,1.07931,1.0788,1.07818,1.07743,1.07653,1.0755,1.07432,1.07301,1.07156,1.06997,1.06824,1.06639,1.06444,1.06239,1.06025,1.05803,1.05576,1.05345,1.05112,1.04878,1.04645,1.04415,1.04187,1.03964,1.03748,1.03539,1.03338,1.03145,1.02961,1.02787,1.02622,1.02467,1.02322,1.02187,1.02061,1.01945,1.01839,1.01742,1.01655,1.01576,1.01506,1.01446,1.01393,1.01349,1.01313,1.01286,1.01266,1.01255,1.01251,1.01255,1.01267,1.01286,1.01314,1.01348,1.0139,1.01439,1.01496,1.0156,1.01631,1.0171,1.01796,1.01889,1.0199,1.02099,1.02215,1.02341,1.02475,1.02618,1.02771,1.02935,1.03112,1.03301,1.03504,1.03722,1.03955,1.04203,1.04467,1.04744,1.05032,1.05327,1.05623,1.05914,1.06192,1.06447,1.06671,1.06858,1.07003,1.07104,1.07164,1.07187,1.07184,1.07163,1.07132,1.07099,1.07068,1.07068
1.1797,1.1797,1.1795,1.17931,1.17908,1.17878,1.17839,1.17791,1.1773,1.17657,1.17571,1.1747,1.17357,1.17229,1.17087,1.16931,1.16762,1.16582,1.1639,1.16188,1.15978,1.15759,1.15535,1.15306,1.15075,1.14843,1.14611,1.14381,1.14154,1.13931,1.13715,1.13505,1.13302,1.13108,1.12923,1.12747,1.12581,1.12424,1.12277,1.12141,1.12014,1.11897,1.1179,1.11692,1.11603,1.11524,1.11453,1.11392,1.11339,1.11294,1.11259,1.11231,1.11212,1.11201,1.11197,1.11202,1.11214,1.11234,1.11261,1.11296,1.11339,1.11389,1.11447,1.11512,1.11584,1.11664,1.11752,1.11847,1.1195,1.12061,1.12181,1.12309,1.12447,1.12594,1.12753,1.12923,1.13105,1.13301,1.13511,1.13736,1.13976,1.1423,1.14499,1.14779,1.15068,1.15361,1.15653,1.15935,1.16201,1.16441,1.1665,1.1682,1.16948,1.17035,1.17083,1.17098,1.1709,1.17067,1.17037,1.17006,1.16977,1.16977
1.27875,1.27875,1.27855,1.27834,1.27811,1.27782,1.27745,1.27698,1.2764,1.27569,1.27486,1.27389,1.27279,1.27155,1.27017,1.26865,1.26701,1.26525,1.26338,1.2614,1.25933,1.25718,1.25497,1.25272,1.25043,1.24814,1.24583,1.24354,1.24128,1.23906,1.23689,1.23478,1.23275,1.23081,1.22894,1.22717,1.22549,1.2239,1.22242,1.22104,1.21976,1.21858,1.21749,1.2165,1.2156,1.2148,1.21409,1.21347,1.21293,1.21249,1.21213,1.21185,1.21166,1.21155,1.21152,1.21157,1.21169,1.2119,1.21218,1.21253,1.21297,1.21348,1.21407,1.21473,1.21547,1.21628,1.21718,1.21815,1.2192,1.22034,1.22157,1.22289,1.22431,1.22584,1.22747,1.22923,1.23112,1.23314,1.23531,1.23762,1.24008,1.24268,1.2454,1.24821,1.25109,1.25398,1.25681,1.25953,1.26205,1.26429,1.2662,1.26773,1.26884,1.26957,1.26994,1.27003,1.26991,1.26967,1.26937,1.26907,1.26881,1.26881
1.37776,1.37776,1.37754,1.37733,1.37711,1.37683,1.37647,1.37602,1.37546,1.37478,1.37398,1.37305,1.37199,1.37079,1.36945,1.36798,1.36639,1.36468,1.36286,1.36092,1.3589,1.3568,1.35463,1.35241,1.35016,1.34788,1.3456,1.34333,1.34108,1.33887,1.33671,1.3346,1.33257,1.33061,1.32874,1.32695,1.32526,1.32366,1.32217,1.32077,1.31947,1.31828,1.31717,1.31617,1.31527,1.31445,1.31373,1.31311,1.31257,1.31212,1.31176,1.31148,1.31129,1.31118,1.31116,1.31121,1.31134,1.31155,1.31183,1.3122,1.31265,1.31317,1.31377,1.31444,1.3152,1.31603,1.31695,1.31794,1.31903,1.3202,1.32146,1.32282,1.32429,1.32586,1.32756,1.32937,1.33132,1.33341,1.33563,1.338,1.34051,1.34314,1.34587,1.34868,1.35152,1.35434,1.35707,1.35966,1.36202,1.36409,1.36581,1.36716,1.36812,1.36871,1.36898,1.36901,1.36885,1.3686,1.36832,1.36804,1.3678,1.3678
1.47671,1.47671,1.47648,1.47627,1.47605,1.47578,1.47544,1.47501,1.47447,1.47382,1.47306,1.47217,1.47115,1.46999,1.46871,1.4673,1.46576,1.4641,1.46233,1.46045,1.45848,1.45642,1.4543,1.45213,1.44992,1.44767,1.44542,1.44318,1.44095,1.43875,1.43659,1.4345,1.43246,1.4305,1.42862,1.42682,1.42512,1.42351,1.42201,1.4206,1.41928,1.41807,1.41696,1.41594,1.41503,1.4142,1.41348,1.41284,1.4123,1.41185,1.41148,1.41121,1.41102,1.41091,1.41088,1.41094,1.41108,1.41129,1.41159,1.41197,1.41242,1.41296,1.41357,1.41426,1.41504,1.41589,1.41683,1.41786,1.41897,1.42018,1.42148,1.42289,1.4244,1.42603,1.42777,1.42965,1.43165,1.4338,1.43607,1.43849,1.44102,1.44367,1.44639,1.44917,1.45194,1.45467,1.45728,1.45971,1.4619,1.46378,1.46532,1.46649,1.4673,1.46776,1.46795,1.46792,1.46774,1.46749,1.46721,1.46695,1.46673,1.46673
1.5756,1.5756,1.57537,1.57516,1.57493,1.57467,1.57435,1.57394,1.57343,1.57281,1.57209,1.57124,1.57026,1.56916,1.56793,1.56658,1.5651,1.5635,1.56178,1.55997,1.55805,1.55606,1.55399,1.55187,1.5497,1.5475,1.54528,1.54307,1.54086,1.53868,1.53655,1.53446,1.53243,1.53047,1.52858,1.52678,1.52507,1.52346,1.52194,1.52051,1.51918,1.51796,1.51684,1.51581,1.51488,1.51405,1.51332,1.51268,1.51213,1.51167,1.51131,1.51103,1.51084,1.51073,1.51071,1.51077,1.51091,1.51114,1.51145,1.51184,1.51231,1.51286,1.51349,1.5142,1.515,1.51587,1.51684,1.5179,1.51905,1.52029,1.52163,1.52308,1.52465,1.52632,1.52812,1.53005,1.53211,1.5343,1.53662,1.53906,1.54161,1.54425,1.54694,1.54966,1.55235,1.55495,1.55742,1.55968,1.56168,1.56337,1.56472,1.56572,1.56638,1.56673,1.56684,1.56676,1.56657,1.56632,1.56605,1.56581,1.56561,1.56561
1.67442,1.67443,1.67419,1.67397,1.67376,1.67351,1.6732,1.67281,1.67232,1.67175,1.67106,1.67025,1.66932,1.66828,1.66711,1.66582,1.6644,1.66286,1.66122,1.65947,1.65762,1.65568,1.65368,1.65161,1.64949,1.64734,1.64517,1.64299,1.64082,1.63867,1.63656,1.63448,1.63246,1.63051,1.62863,1.62683,1.62512,1.62349,1.62196,1.62052,1.61919,1.61795,1.61682,1.61578,1.61484,1.614,1.61326,1.61261,1.61206,1.6116,1.61123,1.61095,1.61076,1.61066,1.61064,1.61071,1.61086,1.6111,1.61142,1.61182,1.6123,1.61287,1.61352,1.61425,1.61507,1.61598,1.61698,1.61807,1.61925,1.62054,1.62192,1.62342,1.62503,1.62676,1.62861,1.63058,1.63268,1.63491,1.63725,1.6397,1.64225,1.64485,1.64749,1.65012,1.6527,1.65517,1.65746,1.65954,1.66135,1.66284,1.66401,1.66484,1.66536,1.66562,1.66566,1.66554,1.66534,1.66509,1.66484,1.66462,1.66444,1.66444
1.77318,1.77318,1.77293,1.77272,1.77251,1.77228,1.77198,1.77161,1.77116,1.77062,1.76997,1.76921,1.76833,1.76734,1.76624,1.76501,1.76366,1.76219,1.76062,1.75894,1.75716,1.7553,1.75336,1.75135,1.7493,1.74721,1.74508,1.74295,1.74082,1.73871,1.73662,1.73456,1.73256,1.73062,1.72875,1.72696,1.72524,1.72361,1.72207,1.72063,1.71929,1.71805,1.7169,1.71585,1.71491,1.71406,1.7133,1.71265,1.7121,1.71163,1.71126,1.71098,1.71079,1.7107,1.71068,1.71076,1.71092,1.71117,1.7115,1.71192,1.71242,1.713,1.71368,1.71443,1.71528,1.71622,1.71725,1.71838,1.7196,1.72092,1.72235,1.72389,1.72555,1.72732,1.72922,1.73123,1.73336,1.73561,1.73796,1.7404,1.74291,1.74546,1.74802,1.75054,1.75298,1.75529,1.7574,1.75928,1.76089,1.76219,1.76318,1.76386,1.76426,1.76442,1.76441,1.76427,1.76405,1.76381,1.76358,1.76338,1.76322,1.76322
1.87186,1.87186,1.8716,1.8714,1.8712,1.87097,1.87069,1.87035,1.86993,1.86942,1.86881,1.8681,1.86728,1.86635,1.8653,1.86414,1.86286,1.86147,1.85997,1.85837,1.85667,1.85488,1.85302,1.85109,1.8491,1.84707,1.845,1.84293,1.84084,1.83877,1.83672,1.8347,1.83272,1.8308,1.82894,1.82715,1.82544,1.82381,1.82228,1.82084,1.81949,1.81823,1.81708,1.81603,1.81507,1.81422,1.81346,1.8128,1.81224,1.81177,1.8114,1.81113,1.81094,1.81085,1.81084,1.81093,1.8111,1.81136,1.81171,1.81214,1.81266,1.81327,1.81396,1.81475,1.81563,1.8166,1.81766,1.81882,1.82008,1.82145,1.82292,1.8245,1.8262,1.82801,1.82994,1.83197,1.83412,1.83637,1.83871,1.84112,1.84357,1.84605,1.8485,1.85089,1.85317,1.85529,1.85722,1.8589,1.8603,1.86141,1.86223,1.86277,1.86306,1.86315,1.86309,1.86293,1.86271,1.86248,1.86227,1.86208,1.86194,1.86194
1.97045,1.97045,1.9702,1.97,1.96981,1.96958,1.96932,1.96901,1.96862,1.96814,1.96757,1.96691,1.96615,1.96528,1.9643,1.96321,1.96201,1.9607,1.95928,1.95776,1.95614,1.95444,1.95265,1.9508,1.94888,1.94692,1.94492,1.94291,1.94088,1.93886,1.93685,1.93487,1.93292,1.93103,1.92919,1.92742,1.92572,1.9241,1.92257,1.92113,1.91977,1.91852,1.91736,1.9163,1.91534,1.91448,1.91372,1.91306,1.9125,1.91203,1.91166,1.91138,1.9112,1.91112,1.91112,1.91121,1.9114,1.91167,1.91204,1.91249,1.91303,1.91366,1.91439,1.9152,1.91611,1.91711,1.91821,1.91941,1.92071,1.92211,1.92362,1.92524,1.92697,1.92881,1.93075,1.93281,1.93495,1.93719,1.93949,1.94184,1.94421,1.94658,1.9489,1.95114,1.95324,1.95518,1.9569,1.95837,1.95958,1.96051,1.96117,1.96158,1.96178,1.96181,1.96171,1.96153,1.96132,1.96111,1.96091,1.96074,1.96062,1.96062
2.06897,2.06896,2.06872,2.06853,2.06833,2.06812,2.06788,2.06759,2.06723,2.06679,2.06627,2.06566,2.06495,2.06414,2.06323,2.06222,2.06109,2.05986,2.05852,2.05709,2.05556,2.05394,2.05224,2.05047,2.04864,2.04676,2.04484,2.04289,2.04092,2.03896,2.037,2.03506,2.03316,2.0313,2.02949,2.02774,2.02606,2.02445,2.02293,2.02149,2.02015,2.01889,2.01773,2.01667,2.01571,2.01485,2.01409,2.01343,2.01287,2.0124,2.01203,2.01176,2.01159,2.01151,2.01152,2.01162,2.01182,2.01212,2.0125,2.01297,2.01354,2.0142,2.01495,2.01579,2.01673,2.01777,2.0189,2.02013,2.02147,2.0229,2.02445,2.02609,2.02785,2.0297,2.03165,2.0337,2.03582,2.03802,2.04026,2.04253,2.0448,2.04704,2.04921,2.05127,2.05319,2.05492,2.05643,2.05771,2.05872,2.05949,2.06,2.0603,2.06042,2.0604,2.06027,2.06009,2.05989,2.05968,2.0595,2.05935,2.05924,2.05924
2.1674,2.1674,2.16717,2.16697,2.16678,2.16659,2.16637,2.16609,2.16576,2.16536,2.16488,2.16432,2.16367,2.16293,2.16209,2.16114,2.1601,2.15895,2.15771,2.15636,2.15492,2.15339,2.15178,2.1501,2.14836,2.14656,2.14472,2.14285,2.14095,2.13905,2.13715,2.13527,2.13341,2.1316,2.12982,2.12811,2.12645,2.12487,2.12336,2.12193,2.1206,2.11935,2.1182,2.11714,2.11619,2.11533,2.11457,2.11391,2.11335,2.11288,2.11252,2.11226,2.11209,2.11202,2.11204,2.11216,2.11238,2.11269,2.11309,2.11359,2.11418,2.11487,2.11564,2.11652,2.11749,2.11856,2.11972,2.12099,2.12235,2.12382,2.12538,2.12705,2.12881,2.13066,2.13261,2.13462,2.13671,2.13884,2.141,2.14317,2.14531,2.1474,2.14939,2.15127,2.15298,2.15451,2.15582,2.1569,2.15774,2.15834,2.15874,2.15894,2.15899,2.15893,2.15878,2.1586,2.15841,2.15822,2.15805,2.15792,2.15782,2.15782
2.26576,2.26577,2.26553,2.26533,2.26516,2.26498,2.26477,2.26452,2.26421,2.26385,2.26341,2.2629,2.26231,2.26163,2.26086,2.25999,2.25903,2.25797,2.25681,2.25556,2.25421,2.25278,2.25127,2.24968,2.24803,2.24632,2.24457,2.24278,2.24096,2.23913,2.2373,2.23548,2.23368,2.23192,2.23019,2.22851,2.22688,2.22533,2.22384,2.22244,2.22112,2.21988,2.21874,2.2177,2.21675,2.21589,2.21514,2.21448,2.21393,2.21348,2.21313,2.21287,2.21271,2.21265,2.21269,2.21283,2.21306,2.21339,2.21381,2.21434,2.21495,2.21567,2.21647,2.21738,2.21838,2.21947,2.22067,2.22196,2.22335,2.22483,2.22641,2.22808,2.22984,2.23168,2.23359,2.23556,2.23758,2.23962,2.24168,2.24372,2.24571,2.24763,2.24944,2.25112,2.25262,2.25394,2.25505,2.25595,2.25662,2.25709,2.25737,2.25749,2.25749,2.2574,2.25725,2.25707,2.25688,2.25671,2.25656,2.25644,2.25636,2.25636
2.36405,2.36405,2.36381,2.36363,2.36347,2.36329,2.3631,2.36287,2.3626,2.36226,2.36187,2.36141,2.36087,2.36025,2.35955,2.35876,2.35788,2.35691,2.35584,2.35468,2.35343,2.3521,2.35069,2.3492,2.34764,2.34603,2.34437,2.34267,2.34094,2.33918,2.33743,2.33568,2.33395,2.33223,2.33056,2.32892,2.32734,2.32582,2.32437,2.32299,2.32169,2.32048,2.31936,2.31832,2.31739,2.31655,2.3158,2.31516,2.31462,2.31417,2.31383,2.31359,2.31344,2.3134,2.31345,2.31361,2.31386,2.31421,2.31466,2.31521,2.31585,2.31659,2.31743,2.31836,2.31938,2.32051,2.32172,2.32303,2.32444,2.32593,2.32751,2.32917,2.3309,2.33271,2.33457,2.33647,2.3384,2.34034,2.34227,2.34416,2.34598,2.34772,2.34933,2.3508,2.35211,2.35322,2.35414,2.35486,2.35539,2.35573,2.35592,2.35598,2.35593,2.35582,2.35567,2.35549,2.35532,2.35516,2.35503,2.35492,2.35486,2.35486
2.46226,2.46225,2.46203,2.46186,2.4617,2.46154,2.46136,2.46115,2.4609,2.4606,2.46025,2.45983,2.45935,2.45879,2.45816,2.45744,2.45665,2.45576,2.45478,2.45372,2.45257,2.45134,2.45003,2.44864,2.44718,2.44567,2.44411,2.4425,2.44086,2.43919,2.43752,2.43585,2.43419,2.43254,2.43092,2.42934,2.42781,2.42633,2.42492,2.42358,2.42231,2.42112,2.42002,2.41901,2.41809,2.41727,2.41654,2.41591,2.41539,2.41496,2.41463,2.4144,2.41428,2.41425,2.41432,2.41449,2.41477,2.41514,2.41562,2.41619,2.41686,2.41763,2.41849,2.41944,2.42049,2.42163,2.42287,2.42419,2.42559,2.42708,2.42865,2.43028,2.43198,2.43372,2.43551,2.43733,2.43915,2.44096,2.44274,2.44446,2.44611,2.44765,2.44906,2.45033,2.45143,2.45235,2.45309,2.45365,2.45405,2.45428,2.45439,2.4544,2.45432,2.4542,2.45404,2.45388,2.45372,2.45358,2.45346,2.45337,2.45331,2.45331
2.56039,2.5604,2.56019,2.56002,2.55987,2.55972,2.55955,2.55936,2.55914,2.55887,2.55856,2.55818,2.55775,2.55725,2.55669,2.55605,2.55533,2.55453,2.55364,2.55267,2.55162,2.55049,2.54928,2.548,2.54665,2.54524,2.54377,2.54226,2.54072,2.53915,2.53757,2.53597,2.53438,2.53281,2.53126,2.52974,2.52827,2.52684,2.52548,2.52417,2.52294,2.52179,2.52072,2.51974,2.51884,2.51804,2.51734,2.51673,2.51623,2.51582,2.51551,2.5153,2.5152,2.51519,2.51528,2.51547,2.51577,2.51617,2.51667,2.51727,2.51796,2.51875,2.51964,2.52061,2.52168,2.52283,2.52407,2.52539,2.52679,2.52826,2.52979,2.53139,2.53303,2.5347,2.5364,2.5381,2.53979,2.54146,2.54307,2.54462,2.54607,2.54741,2.54862,2.54968,2.55058,2.55132,2.5519,2.55232,2.5526,2.55275,2.5528,2.55276,2.55267,2.55254,2.55239,2.55224,2.55209,2.55196,2.55186,2.55178,2.55174,2.55174
2.65847,2.65847,2.65828,2.65812,2.65798,2.65784,2.65768,2.65751,2.65731,2.65707,2.65679,2.65646,2.65608,2.65564,2.65514,2.65457,2.65392,2.65321,2.65241,2.65153,2.65058,2.64955,2.64845,2.64727,2.64602,2.64471,2.64335,2.64195,2.6405,2.63903,2.63754,2.63603,2.63453,2.63303,2.63156,2.63011,2.6287,2.62733,2.62602,2.62476,2.62358,2.62247,2.62144,2.62049,2.61962,2.61885,2.61818,2.6176,2.61712,2.61673,2.61645,2.61626,2.61618,2.61619,2.61631,2.61653,2.61685,2.61728,2.6178,2.61842,2.61914,2.61995,2.62085,2.62184,2.62292,2.62408,2.62531,2.62662,2.628,2.62943,2.63092,2.63245,2.63402,2.6356,2.63718,2.63876,2.64031,2.64181,2.64325,2.6446,2.64586,2.647,2.648,2.64887,2.64959,2.65016,2.65059,2.65089,2.65107,2.65114,2.65114,2.65108,2.65097,2.65084,2.6507,2.65056,2.65043,2.65032,2.65023,2.65016,2.65012,2.65012
2.7565,2.7565,2.75631,2.75616,2.75603,2.7559,2.75576,2.75561,2.75542,2.75521,2.75496,2.75468,2.75434,2.75395,2.75351,2.75301,2.75244,2.7518,2.75109,2.7503,2.74945,2.74852,2.74751,2.74644,2.7453,2.7441,2.74284,2.74154,2.7402,2.73883,2.73743,2.73602,2.7346,2.73319,2.73179,2.73042,2.72908,2.72778,2.72652,2.72533,2.72419,2.72313,2.72214,2.72123,2.72041,2.71968,2.71903,2.71848,2.71803,2.71768,2.71742,2.71726,2.7172,2.71724,2.71739,2.71763,2.71798,2.71843,2.71898,2.71962,2.72036,2.72118,2.7221,2.7231,2.72418,2.72533,2.72655,2.72784,2.72918,2.73057,2.73199,2.73345,2.73492,2.73639,2.73785,2.73928,2.74067,2.742,2.74325,2.74441,2.74547,2.74641,2.74722,2.7479,2.74845,2.74887,2.74917,2.74936,2.74945,2.74947,2.74943,2.74935,2.74924,2.74911,2.74898,2.74886,2.74875,2.74865,2.74857,2.74852,2.74848,2.74849
2.85447,2.85447,2.8543,2.85416,2.85404,2.85392,2.85379,2.85365,2.85349,2.8533,2.85308,2.85283,2.85253,2.85219,2.85181,2.85137,2.85087,2.85031,2.84968,2.84899,2.84822,2.84739,2.84648,2.84551,2.84448,2.84338,2.84223,2.84104,2.8398,2.83852,2.83723,2.83591,2.83459,2.83326,2.83195,2.83066,2.82939,2.82816,2.82697,2.82584,2.82476,2.82375,2.82281,2.82195,2.82118,2.82048,2.81988,2.81936,2.81895,2.81863,2.8184,2.81828,2.81825,2.81831,2.81849,2.81876,2.81913,2.81961,2.82018,2.82084,2.82159,2.82243,2.82335,2.82435,2.82542,2.82656,2.82775,2.829,2.8303,2.83162,2.83297,2.83434,2.8357,2.83704,2.83836,2.83964,2.84086,2.84201,2.84307,2.84404,2.8449,2.84565,2.84627,2.84678,2.84718,2.84746,2.84765,2.84775,2.84778,2.84775,2.84768,2.84759,2.84748,2.84736,2.84724,2.84713,2.84704,2.84696,2.84689,2.84684,2.84682,2.84682
2.9524,2.9524,2.95225,2.95212,2.95201,2.9519,2.95178,2.95165,2.9515,2.95134,2.95115,2.95092,2.95067,2.95038,2.95004,2.94966,2.94922,2.94873,2.94818,2.94757,2.9469,2.94616,2.94535,2.94448,2.94355,2.94256,2.94151,2.94042,2.93928,2.93811,2.93692,2.9357,2.93447,2.93324,2.93201,2.9308,2.92961,2.92846,2.92734,2.92628,2.92526,2.92431,2.92343,2.92262,2.92189,2.92124,2.92068,2.92021,2.91984,2.91955,2.91936,2.91927,2.91927,2.91937,2.91957,2.91987,2.92027,2.92077,2.92136,2.92204,2.9228,2.92364,2.92457,2.92556,2.92661,2.92773,2.92889,2.93009,2.93132,2.93257,2.93383,2.93509,2.93633,2.93754,2.93871,2.93982,2.94087,2.94183,2.94271,2.94348,2.94416,2.94472,2.94518,2.94553,2.94579,2.94596,2.94604,2.94607,2.94605,2.94598,2.9459,2.9458,2.94569,2.94558,2.94548,2.94539,2.94531,2.94524,2.94519,2.94515,2.94513,2.94513
3.0503,3.0503,3.05017,3.05005,3.04995,3.04985,3.04974,3.04962,3.04949,3.04934,3.04917,3.04897,3.04875,3.0485,3.04821,3.04788,3.04751,3.04708,3.04661,3.04607,3.04548,3.04483,3.04412,3.04334,3.04251,3.04162,3.04068,3.03969,3.03865,3.03759,3.03649,3.03537,3.03423,3.03309,3.03196,3.03083,3.02973,3.02866,3.02761,3.02662,3.02567,3.02478,3.02396,3.02321,3.02253,3.02193,3.02142,3.021,3.02066,3.02042,3.02027,3.02021,3.02025,3.02038,3.02061,3.02094,3.02137,3.02188,3.02249,3.02318,3.02395,3.0248,3.02571,3.02669,3.02772,3.0288,3.02991,3.03106,3.03222,3.03338,3.03454,3.03568,3.03679,3.03786,3.03887,3.03981,3.04068,3.04147,3.04216,3.04275,3.04325,3.04364,3.04395,3.04416,3.0443,3.04436,3.04437,3.04434,3.04427,3.04419,3.04409,3.04399,3.04389,3.04379,3.04371,3.04363,3.04356,3.04351,3.04347,3.04344,3.04343,3.04343
3.14818,3.14818,3.14806,3.14796,3.14786,3.14777,3.14766,3.14756,3.14744,3.1473,3.14715,3.14699,3.1468,3.14658,3.14633,3.14605,3.14573,3.14536,3.14495,3.14449,3.14398,3.14341,3.14278,3.1421,3.14136,3.14057,3.13972,3.13883,3.1379,3.13693,3.13593,3.13491,3.13387,3.13283,3.13178,3.13075,3.12973,3.12873,3.12776,3.12684,3.12596,3.12514,3.12438,3.12369,3.12307,3.12253,3.12207,3.12169,3.1214,3.1212,3.12109,3.12107,3.12114,3.12131,3.12157,3.12193,3.12238,3.12291,3.12353,3.12423,3.125,3.12585,3.12675,3.1277,3.1287,3.12974,3.1308,3.13187,3.13295,3.13402,3.13507,3.13609,3.13706,3.13798,3.13883,3.13961,3.14031,3.14091,3.14143,3.14185,3.14219,3.14243,3.1426,3.14269,3.14272,3.1427,3.14265,3.14256,3.14247,3.14236,3.14226,3.14216,3.14207,3.14199,3.14192,3.14185,3.1418,3.14176,3.14173,3.14171,3.14171,3.14171
3.24603,3.24603,3.24594,3.24585,3.24576,3.24567,3.24557,3.24548,3.24537,3.24525,3.24512,3.24497,3.2448,3.24461,3.2444,3.24416,3.24389,3.24358,3.24322,3.24283,3.24239,3.24189,3.24135,3.24075,3.2401,3.2394,3.23865,3.23786,3.23702,3.23615,3.23524,3.23432,3.23337,3.23242,3.23146,3.23052,3.22958,3.22866,3.22777,3.22693,3.22612,3.22537,3.22467,3.22404,3.22348,3.22299,3.22258,3.22226,3.22201,3.22186,3.22179,3.22181,3.22192,3.22212,3.22241,3.2228,3.22326,3.22382,3.22445,3.22515,3.22593,3.22676,3.22764,3.22857,3.22953,3.23051,3.23151,3.23251,3.2335,3.23447,3.2354,3.2363,3.23713,3.2379,3.2386,3.23921,3.23974,3.24018,3.24054,3.2408,3.24099,3.2411,3.24114,3.24113,3.24107,3.24098,3.24088,3.24076,3.24064,3.24053,3.24042,3.24033,3.24024,3.24018,3.24012,3.24007,3.24003,3.24,3.23998,3.23997,3.23997,3.23997
3.34388,3.34388,3.3438,3.34372,3.34364,3.34356,3.34347,3.34338,3.34328,3.34317,3.34306,3.34293,3.34278,3.34262,3.34244,3.34223,3.342,3.34173,3.34143,3.34109,3.34071,3.34029,3.33982,3.33929,3.33873,3.33811,3.33746,3.33675,3.33601,3.33522,3.33442,3.33358,3.33273,3.33187,3.331,3.33013,3.32928,3.32844,3.32763,3.32686,3.32613,3.32545,3.32481,3.32424,3.32374,3.32331,3.32296,3.32268,3.32249,3.32237,3.32235,3.32241,3.32255,3.32279,3.32311,3.32352,3.324,3.32457,3.32521,3.32592,3.32668,3.3275,3.32836,3.32925,3.33017,3.3311,3.33203,3.33295,3.33385,3.33471,3.33553,3.33629,3.33699,3.33762,3.33816,3.33862,3.339,3.33929,3.33949,3.33961,3.33967,3.33966,3.3396,3.3395,3.33937,3.33923,3.33908,3.33894,3.3388,3.33868,3.33858,3.33849,3.33842,3.33836,3.33832,3.33828,3.33825,3.33823,3.33822,3.33822,3.33823,3.33823
3.44172,3.44172,3.44166,3.44159,3.44152,3.44145,3.44137,3.44128,3.44119,3.44109,3.44098,3.44087,3.44074,3.4406,3.44044,3.44026,3.44006,3.43984,3.43958,3.43929,3.43897,3.4386,3.43819,3.43774,3.43725,3.43672,3.43614,3.43552,3.43486,3.43417,3.43345,3.4327,3.43194,3.43116,3.43038,3.42959,3.42882,3.42806,3.42733,3.42663,3.42597,3.42535,3.42479,3.42428,3.42383,3.42346,3.42316,3.42293,3.42278,3.42272,3.42273,3.42283,3.42302,3.42328,3.42363,3.42406,3.42456,3.42514,3.42579,3.42649,3.42725,3.42805,3.42888,3.42974,3.43061,3.43148,3.43234,3.43317,3.43398,3.43474,3.43544,3.43608,3.43665,3.43714,3.43754,3.43785,3.43809,3.43823,3.4383,3.43831,3.43825,3.43814,3.43799,3.43782,3.43763,3.43745,3.43727,3.43711,3.43696,3.43683,3.43673,3.43665,3.43659,3.43654,3.43651,3.43648,3.43646,3.43645,3.43645,3.43646,3.43647,3.43647
3.53957,3.53957,3.53951,3.53946,3.5394,3.53933,3.53926,3.53918,3.53909,3.539,3.5389,3.53879,3.53868,3.53856,3.53842,3.53826,3.53809,3.5379,3.53768,3.53743,3.53716,3.53684,3.53649,3.5361,3.53568,3.53521,3.53471,3.53417,3.53359,3.53297,3.53234,3.53167,3.53099,3.5303,3.52959,3.52889,3.5282,3.52752,3.52686,3.52623,3.52563,3.52508,3.52458,3.52413,3.52374,3.52342,3.52317,3.52299,3.52289,3.52287,3.52293,3.52306,3.52328,3.52358,3.52395,3.5244,3.52492,3.52551,3.52616,3.52686,3.5276,3.52838,3.52918,3.53,3.53082,3.53163,3.53242,3.53317,3.53389,3.53454,3.53514,3.53566,3.5361,3.53646,3.53673,3.53692,3.53702,3.53705,3.537,3.5369,3.53674,3.53655,3.53633,3.5361,3.53587,3.53565,3.53545,3.53527,3.53512,3.53499,3.53489,3.53481,3.53476,3.53472,3.53469,3.53468,3.53467,3.53467,3.53467,3.53468,3.53471,3.53471
3.63741,3.63741,3.63737,3.63733,3.63728,3.63722,3.63715,3.63708,3.637,3.63691,3.63682,3.63672,3.63662,3.6365,3.63638,3.63624,3.63609,3.63592,3.63574,3.63552,3.63528,3.63501,3.63471,3.63438,3.63401,3.63361,3.63317,3.63269,3.63218,3.63165,3.63108,3.6305,3.62989,3.62928,3.62865,3.62802,3.6274,3.62679,3.6262,3.62564,3.62511,3.62462,3.62418,3.62379,3.62346,3.62319,3.62298,3.62285,3.6228,3.62281,3.62291,3.62308,3.62333,3.62366,3.62405,3.62452,3.62506,3.62565,3.6263,3.62699,3.62772,3.62848,3.62925,3.63003,3.6308,3.63155,3.63226,3.63294,3.63357,3.63413,3.63462,3.63503,3.63536,3.6356,3.63576,3.63583,3.63582,3.63574,3.6356,3.6354,3.63516,3.6349,3.63463,3.63436,3.63409,3.63385,3.63363,3.63344,3.63328,3.63315,3.63306,3.63299,3.63293,3.6329,3.63288,3.63287,3.63286,3.63287,3.63288,3.6329,3.63293,3.63293
3.73527,3.73527,3.73524,3.73521,3.73516,3.73511,3.73505,3.73498,3.7349,3.73482,3.73474,3.73464,3.73455,3.73444,3.73433,3.73421,3.73407,3.73392,3.73376,3.73357,3.73336,3.73312,3.73286,3.73257,3.73225,3.7319,3.73152,3.7311,3.73066,3.73019,3.7297,3.72918,3.72865,3.7281,3.72754,3.72699,3.72644,3.72589,3.72537,3.72487,3.7244,3.72397,3.72359,3.72325,3.72297,3.72275,3.72259,3.7225,3.72249,3.72255,3.72268,3.72288,3.72316,3.72351,3.72393,3.72442,3.72496,3.72556,3.72621,3.72689,3.7276,3.72834,3.72908,3.72981,3.73054,3.73123,3.73188,3.73249,3.73303,3.73351,3.7339,3.73422,3.73444,3.73458,3.73464,3.73461,3.7345,3.73433,3.73411,3.73384,3.73354,3.73322,3.73291,3.7326,3.73231,3.73204,3.73181,3.73162,3.73146,3.73133,3.73123,3.73116,3.73111,3.73107,3.73106,3.73105,3.73105,3.73106,3.73107,3.7311,3.73114,3.73115
3.83313,3.83313,3.83312,3.8331,3.83306,3.83302,3.83296,3.83289,3.83282,3.83274,3.83266,3.83257,3.83248,3.83238,3.83227,3.83216,3.83204,3.8319,3.83175,3.83158,3.83139,3.83118,3.83095,3.8307,3.83042,3.83011,3.82978,3.82941,3.82902,3.82861,3.82818,3.82773,3.82725,3.82677,3.82628,3.82579,3.8253,3.82482,3.82436,3.82392,3.82351,3.82314,3.8228,3.82251,3.82228,3.8221,3.82199,3.82195,3.82197,3.82206,3.82222,3.82246,3.82276,3.82314,3.82357,3.82407,3.82463,3.82523,3.82587,3.82655,3.82725,3.82796,3.82867,3.82937,3.83004,3.83068,3.83128,3.83181,3.83228,3.83268,3.83299,3.83322,3.83336,3.83341,3.83338,3.83327,3.83308,3.83284,3.83255,3.83222,3.83187,3.83152,3.83117,3.83083,3.83052,3.83025,3.83001,3.8298,3.82964,3.8295,3.8294,3.82933,3.82928,3.82925,3.82923,3.82922,3.82922,3.82923,3.82926,3.82929,3.82934,3.82934
3.93101,3.93101,3.93101,3.931,3.93097,3.93093,3.93088,3.93082,3.93075,3.93067,3.93059,3.93051,3.93041,3.93032,3.93022,3.93011,3.92999,3.92986,3.92972,3.92957,3.92939,3.92921,3.929,3.92877,3.92852,3.92825,3.92795,3.92763,3.92729,3.92692,3.92654,3.92614,3.92572,3.9253,3.92486,3.92443,3.924,3.92358,3.92317,3.92279,3.92243,3.92211,3.92182,3.92158,3.92139,3.92126,3.92119,3.92117,3.92123,3.92135,3.92155,3.92181,3.92214,3.92253,3.92299,3.9235,3.92406,3.92466,3.9253,3.92597,3.92665,3.92734,3.92802,3.92868,3.92932,3.92991,3.93045,3.93093,3.93134,3.93167,3.93191,3.93207,3.93213,3.93211,3.93201,3.93183,3.93158,3.93128,3.93093,3.93056,3.93018,3.92979,3.92941,3.92906,3.92874,3.92845,3.9282,3.92799,3.92782,3.92769,3.92758,3.92751,3.92745,3.92741,3.92739,3.92738,3.92738,3.9274,3.92742,3.92746,3.92752,3.92752
4.02891,4.02891,4.02892,4.02891,4.02889,4.02886,4.02881,4.02875,4.02868,4.02861,4.02853,4.02845,4.02836,4.02826,4.02816,4.02805,4.02794,4.02781,4.02768,4.02753,4.02737,4.0272,4.027,4.02679,4.02656,4.02632,4.02605,4.02576,4.02545,4.02513,4.02479,4.02443,4.02407,4.02369,4.02331,4.02293,4.02255,4.02217,4.02182,4.02148,4.02117,4.0209,4.02065,4.02046,4.02031,4.02021,4.02017,4.0202,4.02028,4.02043,4.02065,4.02094,4.02129,4.0217,4.02217,4.02269,4.02326,4.02386,4.0245,4.02516,4.02583,4.02649,4.02715,4.02779,4.02839,4.02894,4.02943,4.02986,4.03022,4.03049,4.03067,4.03077,4.03077,4.03069,4.03053,4.0303,4.03,4.02966,4.02927,4.02887,4.02846,4.02805,4.02766,4.02729,4.02696,4.02666,4.02641,4.02619,4.02601,4.02587,4.02576,4.02567,4.02561,4.02557,4.02554,4.02553,4.02553,4.02554,4.02556,4.02561,4.02567,4.02567
4.12683,4.12683,4.12684,4.12684,4.12683,4.1268,4.12675,4.1267,4.12663,4.12656,4.12648,4.1264,4.12631,4.12621,4.12611,4.126,4.12589,4.12576,4.12563,4.12548,4.12533,4.12516,4.12497,4.12478,4.12456,4.12433,4.12409,4.12382,4.12354,4.12325,4.12294,4.12262,4.12229,4.12196,4.12162,4.12128,4.12094,4.12062,4.12031,4.12001,4.11975,4.11951,4.11931,4.11915,4.11904,4.11898,4.11897,4.11902,4.11914,4.11932,4.11956,4.11987,4.12024,4.12066,4.12114,4.12167,4.12224,4.12285,4.12348,4.12413,4.12479,4.12544,4.12608,4.12669,4.12726,4.12777,4.12823,4.12862,4.12893,4.12915,4.12929,4.12934,4.1293,4.12917,4.12897,4.1287,4.12836,4.12799,4.12758,4.12715,4.12672,4.1263,4.12589,4.12552,4.12517,4.12487,4.1246,4.12438,4.12419,4.12404,4.12392,4.12383,4.12376,4.12371,4.12367,4.12365,4.12365,4.12366,4.12368,4.12372,4.12379,4.12379
4.22476,4.22476,4.22478,4.22479,4.22477,4.22475,4.22471,4.22466,4.22459,4.22452,4.22444,4.22435,4.22426,4.22416,4.22406,4.22395,4.22383,4.22371,4.22357,4.22343,4.22327,4.2231,4.22292,4.22273,4.22253,4.22231,4.22208,4.22183,4.22157,4.2213,4.22101,4.22072,4.22042,4.22011,4.21981,4.21951,4.21921,4.21892,4.21864,4.21839,4.21816,4.21796,4.2178,4.21767,4.21759,4.21756,4.21758,4.21767,4.21781,4.21801,4.21827,4.21859,4.21898,4.21942,4.21991,4.22045,4.22102,4.22163,4.22226,4.22291,4.22356,4.22419,4.22481,4.2254,4.22595,4.22644,4.22687,4.22722,4.2275,4.22769,4.22779,4.2278,4.22773,4.22757,4.22734,4.22703,4.22668,4.22628,4.22585,4.22541,4.22497,4.22453,4.22412,4.22373,4.22338,4.22307,4.22279,4.22256,4.22236,4.2222,4.22207,4.22196,4.22188,4.22182,4.22178,4.22176,4.22174,4.22175,4.22177,4.22182,4.22189,4.22189
4.32271,4.32271,4.32274,4.32275,4.32274,4.32271,4.32267,4.32262,4.32256,4.32249,4.32241,4.32232,4.32223,4.32212,4.32202,4.3219,4.32178,4.32165,4.32151,4.32136,4.32121,4.32104,4.32086,4.32067,4.32047,4.32025,4.32003,4.31979,4.31954,4.31929,4.31902,4.31874,4.31846,4.31818,4.3179,4.31762,4.31735,4.3171,4.31685,4.31663,4.31643,4.31626,4.31613,4.31603,4.31598,4.31598,4.31603,4.31614,4.3163,4.31652,4.3168,4.31714,4.31754,4.318,4.3185,4.31905,4.31963,4.32024,4.32086,4.32151,4.32215,4.32278,4.32339,4.32396,4.32449,4.32496,4.32537,4.3257,4.32595,4.32612,4.32619,4.32618,4.32608,4.3259,4.32564,4.32532,4.32495,4.32454,4.3241,4.32364,4.32319,4.32275,4.32233,4.32193,4.32157,4.32125,4.32096,4.32071,4.32051,4.32033,4.32019,4.32007,4.31998,4.31991,4.31986,4.31983,4.31981,4.31982,4.31984,4.31988,4.31995,4.31995
4.42069,4.42069,4.42071,4.42072,4.42071,4.42069,4.42065,4.4206,4.42054,4.42047,4.42039,4.4203,4.4202,4.42009,4.41998,4.41986,4.41973,4.4196,4.41946,4.4193,4.41914,4.41897,4.41879,4.4186,4.41839,4.41818,4.41795,4.41772,4.41748,4.41723,4.41697,4.41671,4.41644,4.41618,4.41591,4.41565,4.41541,4.41517,4.41495,4.41475,4.41458,4.41443,4.41432,4.41425,4.41423,4.41425,4.41432,4.41445,4.41463,4.41487,4.41517,4.41553,4.41594,4.41641,4.41693,4.41748,4.41807,4.41868,4.41931,4.41995,4.42059,4.42122,4.42182,4.42238,4.4229,4.42336,4.42375,4.42407,4.4243,4.42445,4.42451,4.42448,4.42436,4.42417,4.4239,4.42356,4.42318,4.42276,4.42231,4.42185,4.4214,4.42094,4.42051,4.42011,4.41974,4.4194,4.4191,4.41884,4.41862,4.41843,4.41828,4.41815,4.41805,4.41797,4.41791,4.41788,4.41786,4.41786,4.41788,4.41792,4.41798,4.41798
4.51868,4.51868,4.5187,4.51871,4.5187,4.51868,4.51865,4.5186,4.51853,4.51846,4.51838,4.51828,4.51818,4.51807,4.51795,4.51783,4.51769,4.51755,4.5174,4.51724,4.51708,4.5169,4.51671,4.51652,4.51631,4.51609,4.51587,4.51563,4.51539,4.51514,4.51489,4.51463,4.51437,4.51411,4.51386,4.51361,4.51338,4.51315,4.51295,4.51277,4.51261,4.51249,4.5124,4.51235,4.51234,4.51239,4.51248,4.51263,4.51283,4.51309,4.5134,4.51378,4.5142,4.51468,4.51521,4.51578,4.51637,4.51699,4.51763,4.51827,4.51891,4.51954,4.52013,4.5207,4.52121,4.52166,4.52205,4.52235,4.52258,4.52272,4.52277,4.52273,4.5226,4.5224,4.52212,4.52178,4.52139,4.52096,4.52051,4.52004,4.51957,4.51911,4.51867,4.51826,4.51787,4.51752,4.51721,4.51694,4.5167,4.5165,4.51633,4.51619,4.51608,4.516,4.51594,4.5159,4.51588,4.51587,4.51589,4.51593,4.51598,4.51598
4.61669,4.61669,4.61671,4.61671,4.61671,4.61669,4.61665,4.6166,4.61654,4.61646,4.61637,4.61627,4.61617,4.61605,4.61593,4.6158,4.61566,4.61551,4.61536,4.61519,4.61502,4.61483,4.61464,4.61444,4.61423,4.614,4.61377,4.61354,4.61329,4.61304,4.61278,4.61252,4.61227,4.61201,4.61176,4.61152,4.61129,4.61107,4.61088,4.61071,4.61057,4.61046,4.61038,4.61035,4.61036,4.61041,4.61053,4.61069,4.61091,4.61118,4.61152,4.61191,4.61235,4.61284,4.61338,4.61396,4.61457,4.6152,4.61585,4.6165,4.61715,4.61777,4.61838,4.61894,4.61945,4.61991,4.62029,4.6206,4.62082,4.62095,4.621,4.62095,4.62082,4.62061,4.62033,4.61998,4.61958,4.61914,4.61868,4.6182,4.61772,4.61725,4.6168,4.61637,4.61597,4.6156,4.61528,4.61499,4.61474,4.61452,4.61435,4.6142,4.61408,4.61399,4.61393,4.61389,4.61387,4.61387,4.61389,4.61392,4.61396,4.61396
4.71471,4.71471,4.71472,4.71473,4.71473,4.71471,4.71467,4.71462,4.71455,4.71447,4.71438,4.71428,4.71417,4.71405,4.71392,4.71378,4.71363,4.71348,4.71332,4.71315,4.71297,4.71278,4.71258,4.71237,4.71215,4.71192,4.71168,4.71144,4.71118,4.71093,4.71067,4.7104,4.71014,4.70989,4.70963,4.70939,4.70916,4.70895,4.70876,4.70859,4.70846,4.70835,4.70829,4.70826,4.70829,4.70836,4.70848,4.70866,4.70889,4.70919,4.70953,4.70994,4.7104,4.71091,4.71146,4.71206,4.71269,4.71334,4.714,4.71466,4.71532,4.71597,4.71658,4.71715,4.71767,4.71813,4.71852,4.71883,4.71906,4.71919,4.71924,4.71919,4.71905,4.71884,4.71854,4.71818,4.71777,4.71732,4.71684,4.71635,4.71585,4.71536,4.71489,4.71444,4.71403,4.71364,4.7133,4.713,4.71274,4.71251,4.71232,4.71217,4.71205,4.71195,4.71189,4.71185,4.71184,4.71184,4.71187,4.7119,4.71193,4.71193
4.81273,4.81273,4.81275,4.81276,4.81276,4.81274,4.81271,4.81265,4.81258,4.8125,4.8124,4.81229,4.81217,4.81204,4.81191,4.81177,4.81161,4.81145,4.81129,4.81111,4.81092,4.81072,4.81052,4.8103,4.81007,4.80984,4.80959,4.80934,4.80908,4.80882,4.80855,4.80828,4.80801,4.80774,4.80749,4.80724,4.80701,4.80679,4.8066,4.80643,4.8063,4.8062,4.80614,4.80612,4.80615,4.80623,4.80637,4.80656,4.80681,4.80711,4.80748,4.8079,4.80838,4.80891,4.80949,4.81011,4.81075,4.81143,4.81211,4.8128,4.81348,4.81415,4.81478,4.81537,4.81591,4.81638,4.81679,4.81711,4.81734,4.81748,4.81752,4.81747,4.81733,4.8171,4.81679,4.81642,4.81599,4.81551,4.81501,4.81449,4.81397,4.81345,4.81295,4.81248,4.81204,4.81164,4.81128,4.81097,4.81069,4.81046,4.81026,4.8101,4.80998,4.80989,4.80982,4.80979,4.80978,4.8098,4.80983,4.80988,4.80991,4.80991
4.81273,4.81273,4.81275,4.81276,4.81276,4.81274,4.8127,4.81265,4.81258,4.8125,4.8124,4.81229,4.81217,4.81205,4.81191,4.81177,4.81161,4.81145,4.81129,4.81111,4.81092,4.81072,4.81052,4.8103,4.81007,4.80984,4.80959,4.80934,4.80908,4.80882,4.80855,4.80828,4.80801,4.80774,4.80749,4.80724,4.80701,4.80679,4.8066,4.80644,4.8063,4.8062,4.80614,4.80612,4.80615,4.80623,4.80637,4.80656,4.80681,4.80711,4.80748,4.8079,4.80838,4.80891,4.80949,4.81011,4.81075,4.81143,4.81211,4.8128,4.81348,4.81414,4.81478,4.81537,4.81591,4.81639,4.81679,4.81711,4.81734,4.81748,4.81752,4.81747,4.81733,4.8171,4.81679,4.81642,4.81599,4.81551,4.81501,4.81449,4.81397,4.81345,4.81295,4.81248,4.81204,4.81164,4.81129,4.81097,4.81069,4.81046,4.81026,4.8101,4.80998,4.80989,4.80982,4.80979,4.80978,4.8098,4.80983,4.80988,4.80991,4.80991
