-5.03779,-5.03781,-4.95262,-4.92642,-4.91687,-4.91219,-4.90901,-4.90632,-4.90379,-4.90134,-4.89895,-4.89664,-4.89446,-4.89244,-4.8906,-4.88899,-4.88761,-4.8865,-4.88566,-4.88512,-4.88487,-4.88491,-4.88525,-4.88584,-4.88669,-4.88778,-4.88909,-4.8906,-4.8923,-4.89416,-4.89616,-4.89828,-4.90049,-4.90278,-4.90512,-4.90751,-4.90992,-4.91232,-4.91471,-4.91708,-4.9194,-4.92166,-4.92385,-4.92596,-4.92799,-4.92991,-4.93172,-4.93342,-4.935,-4.93645,-4.93776,-4.93894,-4.93998,-4.94088,-4.94164,-4.94224,-4.9427,-4.94301,-4.94317,-4.94318,-4.94304,-4.94276,-4.94232,-4.94174,-4.941,-4.94012,-4.93909,-4.93791,-4.93657,-4.93508,-4.93343,-4.93163,-4.92965,-4.9275,-4.92516,-4.92261,-4.91983,-4.9168,-4.91348,-4.90984,-4.90581,-4.90134,-4.89633,-4.8907,-4.88431,-4.87702,-4.86864,-4.85895,-4.84766,-4.83447,-4.81895,-4.8006,-4.77881,-4.75273,-4.72121,-4.68249,-4.63367,-4.56935,-4.47885,-4.34299,-4.14316,-4.14316
-5.03781,-5.0378,-4.95261,-4.92642,-4.91688,-4.9122,-4.90901,-4.90632,-4.90379,-4.90133,-4.89895,-4.89665,-4.89446,-4.89244,-4.8906,-4.88898,-4.8876,-4.88649,-4.88566,-4.88512,-4.88488,-4.88492,-4.88525,-4.88584,-4.88669,-4.88777,-4.88909,-4.89061,-4.89231,-4.89417,-4.89616,-4.89827,-4.90049,-4.90278,-4.90512,-4.90751,-4.90992,-4.91232,-4.91471,-4.91708,-4.9194,-4.92166,-4.92385,-4.92596,-4.92799,-4.92991,-4.93172,-4.93342,-4.935,-4.93645,-4.93776,-4.93894,-4.93998,-4.94088,-4.94164,-4.94224,-4.9427,-4.94301,-4.94317,-4.94318,-4.94304,-4.94276,-4.94232,-4.94174,-4.941,-4.94012,-4.93909,-4.93791,-4.93657,-4.93508,-4.93343,-4.93162,-4.92965,-4.9275,-4.92516,-4.92261,-4.91983,-4.9168,-4.91348,-4.90984,-4.90581,-4.90133,-4.89633,-4.8907,-4.88431,-4.87702,-4.86864,-4.85894,-4.84766,-4.83447,-4.81895,-4.80061,-4.77881,-4.75273,-4.7212,-4.68249,-4.63367,-4.56935,-4.47885,-4.34299,-4.14316,-4.14316
-4.87483,-4.87482,-4.85303,-4.838,-4.82832,-4.82196,-4.81725,-4.8134,-4.80999,-4.80687,-4.80397,-4.80127,-4.79877,-4.79647,-4.79443,-4.79264,-4.79113,-4.78991,-4.78899,-4.78837,-4.78806,-4.78804,-4.78832,-4.78887,-4.78969,-4.79075,-4.79204,-4.79353,-4.7952,-4.79703,-4.79901,-4.8011,-4.80329,-4.80556,-4.80788,-4.81024,-4.81262,-4.81501,-4.81738,-4.81972,-4.82201,-4.82425,-4.82642,-4.82851,-4.83051,-4.83241,-4.8342,-4.83587,-4.83743,-4.83886,-4.84015,-4.84131,-4.84233,-4.84321,-4.84394,-4.84453,-4.84497,-4.84526,-4.8454,-4.8454,-4.84525,-4.84494,-4.84449,-4.84389,-4.84314,-4.84225,-4.84121,-4.84002,-4.83867,-4.83717,-4.83551,-4.8337,-4.83172,-4.82956,-4.82721,-4.82466,-4.82189,-4.81886,-4.81555,-4.81192,-4.80791,-4.80346,-4.79848,-4.79288,-4.78654,-4.7793,-4.77099,-4.76138,-4.7502,-4.73713,-4.72177,-4.70365,-4.68216,-4.65657,-4.6259,-4.58878,-4.54325,-4.48625,-4.41278,-4.31679,-4.21627,-4.21627
-4.74662,-4.74663,-4.74251,-4.73596,-4.72997,-4.72504,-4.72091,-4.71725,-4.71381,-4.71063,-4.70764,-4.70484,-4.70224,-4.69986,-4.69774,-4.69589,-4.69433,-4.69305,-4.69208,-4.69142,-4.69106,-4.69101,-4.69127,-4.6918,-4.6926,-4.69365,-4.69491,-4.69638,-4.69804,-4.69986,-4.70182,-4.7039,-4.70607,-4.70833,-4.71064,-4.71299,-4.71535,-4.71772,-4.72007,-4.72239,-4.72467,-4.72689,-4.72904,-4.73112,-4.7331,-4.73498,-4.73675,-4.7384,-4.73994,-4.74135,-4.74263,-4.74377,-4.74477,-4.74563,-4.74634,-4.74691,-4.74734,-4.74761,-4.74774,-4.74772,-4.74755,-4.74723,-4.74676,-4.74615,-4.74539,-4.74449,-4.74343,-4.74223,-4.74088,-4.73938,-4.73772,-4.7359,-4.73392,-4.73177,-4.72943,-4.7269,-4.72415,-4.72115,-4.71788,-4.7143,-4.71036,-4.70599,-4.70112,-4.69565,-4.68948,-4.68244,-4.67438,-4.66508,-4.65429,-4.64169,-4.62694,-4.6096,-4.58915,-4.56502,-4.53648,-4.50271,-4.46276,-4.41554,-4.36014,-4.29885,-4.25127,-4.25127
-4.6342,-4.63422,-4.63444,-4.63197,-4.62875,-4.62546,-4.62227,-4.61916,-4.61612,-4.61316,-4.61032,-4.60764,-4.60514,-4.6028,-4.60073,-4.5989,-4.59734,-4.59605,-4.59507,-4.59439,-4.59403,-4.59398,-4.59422,-4.59475,-4.59553,-4.59656,-4.59781,-4.59928,-4.60092,-4.60273,-4.60468,-4.60674,-4.60891,-4.61115,-4.61345,-4.61578,-4.61813,-4.62048,-4.62282,-4.62512,-4.62738,-4.62959,-4.63173,-4.63378,-4.63574,-4.6376,-4.63936,-4.641,-4.64251,-4.64391,-4.64516,-4.64629,-4.64727,-4.64811,-4.64881,-4.64936,-4.64977,-4.65003,-4.65014,-4.6501,-4.64992,-4.64958,-4.64911,-4.64848,-4.64771,-4.64679,-4.64573,-4.64452,-4.64316,-4.64166,-4.64001,-4.63819,-4.63622,-4.63408,-4.63177,-4.62926,-4.62654,-4.62359,-4.62039,-4.61689,-4.61305,-4.60881,-4.6041,-4.59884,-4.59291,-4.5862,-4.57853,-4.56971,-4.55951,-4.54767,-4.53385,-4.51771,-4.49883,-4.4768,-4.45118,-4.42161,-4.38789,-4.35021,-4.30972,-4.271,-4.24741,-4.24741
-4.52877,-4.52877,-4.52987,-4.52911,-4.52743,-4.5253,-4.52294,-4.52045,-4.51787,-4.51526,-4.51267,-4.51017,-4.50781,-4.50561,-4.50362,-4.50187,-4.50033,-4.49906,-4.49809,-4.49743,-4.49708,-4.49703,-4.49727,-4.49778,-4.49855,-4.49957,-4.50082,-4.50227,-4.5039,-4.5057,-4.50763,-4.50969,-4.51184,-4.51406,-4.51634,-4.51865,-4.52099,-4.52332,-4.52564,-4.52793,-4.53017,-4.53236,-4.53448,-4.53651,-4.53845,-4.54029,-4.54203,-4.54365,-4.54514,-4.54652,-4.54775,-4.54886,-4.54982,-4.55065,-4.55133,-4.55186,-4.55225,-4.55249,-4.55258,-4.55253,-4.55233,-4.55198,-4.55149,-4.55085,-4.55007,-4.54913,-4.54806,-4.54685,-4.54549,-4.54398,-4.54233,-4.54053,-4.53857,-4.53645,-4.53416,-4.53169,-4.52902,-4.52613,-4.52301,-4.51961,-4.51589,-4.51181,-4.5073,-4.50229,-4.49668,-4.49034,-4.48315,-4.47492,-4.46546,-4.45454,-4.44188,-4.42719,-4.41019,-4.39058,-4.36819,-4.34297,-4.3152,-4.28569,-4.25636,-4.23163,-4.2193,-4.2193
-4.42671,-4.4267,-4.42783,-4.42773,-4.42685,-4.42546,-4.42373,-4.42175,-4.41958,-4.4173,-4.41499,-4.41272,-4.41052,-4.40844,-4.40655,-4.40487,-4.40342,-4.40218,-4.40124,-4.4006,-4.40026,-4.40021,-4.40045,-4.40095,-4.40172,-4.40274,-4.40397,-4.4054,-4.40702,-4.4088,-4.41072,-4.41276,-4.41489,-4.41709,-4.41935,-4.42164,-4.42396,-4.42627,-4.42857,-4.43083,-4.43306,-4.43522,-4.43731,-4.43932,-4.44124,-4.44306,-4.44477,-4.44637,-4.44784,-4.44918,-4.4504,-4.45148,-4.45242,-4.45323,-4.45389,-4.4544,-4.45477,-4.45499,-4.45507,-4.455,-4.45478,-4.45442,-4.45391,-4.45325,-4.45245,-4.45152,-4.45044,-4.44921,-4.44785,-4.44634,-4.44469,-4.44291,-4.44096,-4.43886,-4.4366,-4.43417,-4.43155,-4.42873,-4.42569,-4.4224,-4.41882,-4.41491,-4.41062,-4.40588,-4.40061,-4.3947,-4.38803,-4.38046,-4.37181,-4.36188,-4.35047,-4.33735,-4.32232,-4.30522,-4.28603,-4.2649,-4.24235,-4.21942,-4.19817,-4.18204,-4.17541,-4.17541
-4.32646,-4.32646,-4.32741,-4.32754,-4.32707,-4.32615,-4.32485,-4.32325,-4.32142,-4.31945,-4.31741,-4.31534,-4.3133,-4.31136,-4.30957,-4.30797,-4.3066,-4.30542,-4.30452,-4.3039,-4.30357,-4.30353,-4.30377,-4.30428,-4.30505,-4.30605,-4.30727,-4.30869,-4.3103,-4.31206,-4.31396,-4.31597,-4.31808,-4.32026,-4.32249,-4.32477,-4.32705,-4.32934,-4.33162,-4.33386,-4.33605,-4.33818,-4.34024,-4.34223,-4.34412,-4.34591,-4.34759,-4.34916,-4.3506,-4.35193,-4.35312,-4.35417,-4.35509,-4.35587,-4.35651,-4.357,-4.35734,-4.35754,-4.3576,-4.35751,-4.35727,-4.35689,-4.35636,-4.35569,-4.35488,-4.35393,-4.35284,-4.35161,-4.35024,-4.34873,-4.34709,-4.34531,-4.34339,-4.34131,-4.33907,-4.33668,-4.33412,-4.33137,-4.32841,-4.32523,-4.3218,-4.31807,-4.31401,-4.30955,-4.30462,-4.29915,-4.29302,-4.28611,-4.27829,-4.26938,-4.25923,-4.24768,-4.23458,-4.21988,-4.20364,-4.18613,-4.16795,-4.15015,-4.13461,-4.12406,-4.12054,-4.12054
-4.22725,-4.22726,-4.22799,-4.22819,-4.22795,-4.2273,-4.22629,-4.22498,-4.22345,-4.22175,-4.21992,-4.21803,-4.21615,-4.21435,-4.21267,-4.21117,-4.20987,-4.20876,-4.2079,-4.20731,-4.20701,-4.20699,-4.20724,-4.20775,-4.20851,-4.20951,-4.21073,-4.21214,-4.21373,-4.21547,-4.21735,-4.21934,-4.22142,-4.22358,-4.22579,-4.22803,-4.23029,-4.23255,-4.2348,-4.23701,-4.23916,-4.24126,-4.2433,-4.24525,-4.24711,-4.24887,-4.25052,-4.25205,-4.25347,-4.25476,-4.25592,-4.25695,-4.25784,-4.25859,-4.25919,-4.25966,-4.25998,-4.26015,-4.26019,-4.26007,-4.25981,-4.25941,-4.25887,-4.25818,-4.25736,-4.25639,-4.25529,-4.25405,-4.25268,-4.25117,-4.24954,-4.24776,-4.24585,-4.24379,-4.24158,-4.23923,-4.23672,-4.23404,-4.23117,-4.22811,-4.22481,-4.22127,-4.21743,-4.21325,-4.20867,-4.20362,-4.19802,-4.19177,-4.18474,-4.17683,-4.16789,-4.15781,-4.14652,-4.13401,-4.12039,-4.10599,-4.0914,-4.07764,-4.06601,-4.05908,-4.05744,-4.05744
-4.12864,-4.12863,-4.12919,-4.1294,-4.12926,-4.12877,-4.12798,-4.12692,-4.12562,-4.12412,-4.12248,-4.12077,-4.11906,-4.11739,-4.11584,-4.11444,-4.1132,-4.11216,-4.11136,-4.11082,-4.11056,-4.11056,-4.11083,-4.11135,-4.11212,-4.11312,-4.11433,-4.11573,-4.11731,-4.11903,-4.12089,-4.12286,-4.12492,-4.12705,-4.12923,-4.13145,-4.13368,-4.13591,-4.13811,-4.14028,-4.14241,-4.14448,-4.14647,-4.14839,-4.15021,-4.15193,-4.15355,-4.15505,-4.15643,-4.15769,-4.15882,-4.15981,-4.16066,-4.16138,-4.16196,-4.1624,-4.16269,-4.16284,-4.16285,-4.16271,-4.16242,-4.162,-4.16144,-4.16074,-4.15989,-4.15891,-4.1578,-4.15655,-4.15518,-4.15367,-4.15203,-4.15026,-4.14836,-4.14632,-4.14415,-4.14183,-4.13937,-4.13675,-4.13398,-4.13102,-4.12787,-4.1245,-4.12087,-4.11696,-4.11272,-4.10808,-4.10299,-4.09735,-4.09109,-4.08409,-4.07628,-4.06756,-4.0579,-4.04732,-4.03597,-4.02416,-4.01243,-4.00169,-3.99311,-3.98847,-3.98796,-3.98796
-4.03037,-4.03037,-4.03079,-4.03096,-4.03086,-4.03049,-4.02987,-4.02899,-4.02786,-4.02654,-4.02508,-4.02355,-4.02198,-4.02046,-4.01904,-4.01773,-4.01657,-4.01561,-4.01489,-4.01442,-4.01419,-4.01423,-4.01452,-4.01507,-4.01585,-4.01685,-4.01806,-4.01945,-4.02101,-4.02272,-4.02457,-4.02651,-4.02855,-4.03066,-4.03282,-4.035,-4.03719,-4.03938,-4.04155,-4.04369,-4.04578,-4.04781,-4.04977,-4.05164,-4.05343,-4.05511,-4.05669,-4.05815,-4.0595,-4.06072,-4.0618,-4.06276,-4.06358,-4.06427,-4.06482,-4.06522,-4.06549,-4.06561,-4.06558,-4.06542,-4.06511,-4.06467,-4.06408,-4.06336,-4.0625,-4.0615,-4.06038,-4.05912,-4.05774,-4.05623,-4.05459,-4.05283,-4.05093,-4.04891,-4.04677,-4.04449,-4.04208,-4.03953,-4.03684,-4.03399,-4.03097,-4.02777,-4.02436,-4.0207,-4.01677,-4.01252,-4.0079,-4.00283,-3.99726,-3.99112,-3.98432,-3.97681,-3.96858,-3.95969,-3.95026,-3.9406,-3.93122,-3.92264,-3.91632,-3.91324,-3.91343,-3.91343
-3.9323,-3.93231,-3.93261,-3.93273,-3.93266,-3.93238,-3.93188,-3.93112,-3.93015,-3.92899,-3.9277,-3.92631,-3.9249,-3.92353,-3.92222,-3.92101,-3.91996,-3.9191,-3.91846,-3.91806,-3.91789,-3.91797,-3.9183,-3.91887,-3.91967,-3.92068,-3.92189,-3.92328,-3.92484,-3.92654,-3.92836,-3.9303,-3.93232,-3.9344,-3.93652,-3.93867,-3.94082,-3.94298,-3.94512,-3.94722,-3.94927,-3.95126,-3.95317,-3.95501,-3.95675,-3.95839,-3.95993,-3.96136,-3.96266,-3.96384,-3.96489,-3.96581,-3.9666,-3.96725,-3.96776,-3.96814,-3.96837,-3.96846,-3.96841,-3.96822,-3.96789,-3.96742,-3.96681,-3.96606,-3.96519,-3.96418,-3.96304,-3.96178,-3.96039,-3.95887,-3.95723,-3.95547,-3.95359,-3.95159,-3.94946,-3.94722,-3.94487,-3.94238,-3.93977,-3.93703,-3.93414,-3.93109,-3.92787,-3.92446,-3.92083,-3.91693,-3.91274,-3.90821,-3.90327,-3.89787,-3.89197,-3.88553,-3.87855,-3.87108,-3.86325,-3.85533,-3.84776,-3.841,-3.83629,-3.83426,-3.83487,-3.83487
-3.83437,-3.83437,-3.83456,-3.83466,-3.83461,-3.83438,-3.83395,-3.8333,-3.83246,-3.83145,-3.8303,-3.82907,-3.82782,-3.82658,-3.82538,-3.8243,-3.82336,-3.82261,-3.82206,-3.82173,-3.82163,-3.82177,-3.82214,-3.82274,-3.82356,-3.82459,-3.82582,-3.82721,-3.82876,-3.83046,-3.83227,-3.83419,-3.83618,-3.83823,-3.84032,-3.84244,-3.84457,-3.84669,-3.8488,-3.85085,-3.85286,-3.85481,-3.85668,-3.85847,-3.86017,-3.86177,-3.86327,-3.86465,-3.86591,-3.86705,-3.86807,-3.86895,-3.8697,-3.87032,-3.8708,-3.87114,-3.87134,-3.8714,-3.87132,-3.8711,-3.87075,-3.87025,-3.86962,-3.86886,-3.86797,-3.86694,-3.8658,-3.86452,-3.86312,-3.8616,-3.85996,-3.8582,-3.85634,-3.85435,-3.85226,-3.85006,-3.84774,-3.84532,-3.84279,-3.84014,-3.83738,-3.83448,-3.83145,-3.82826,-3.8249,-3.82133,-3.81753,-3.81347,-3.80909,-3.80437,-3.79925,-3.79373,-3.78781,-3.78154,-3.77505,-3.7686,-3.76232,-3.75705,-3.75354,-3.75223,-3.75308,-3.75308
-3.7365,-3.73649,-3.73662,-3.73669,-3.73664,-3.73644,-3.73606,-3.73551,-3.73478,-3.73389,-3.73289,-3.73181,-3.7307,-3.72958,-3.72853,-3.72758,-3.72677,-3.72612,-3.72566,-3.72541,-3.7254,-3.7256,-3.72602,-3.72666,-3.72752,-3.72857,-3.72981,-3.73121,-3.73277,-3.73446,-3.73627,-3.73817,-3.74013,-3.74215,-3.74422,-3.74631,-3.74841,-3.7505,-3.75256,-3.75457,-3.75654,-3.75844,-3.76027,-3.76203,-3.76368,-3.76524,-3.76669,-3.76803,-3.76925,-3.77035,-3.77133,-3.77217,-3.77289,-3.77346,-3.77391,-3.77422,-3.77439,-3.77442,-3.77431,-3.77407,-3.77369,-3.77317,-3.77252,-3.77174,-3.77083,-3.7698,-3.76864,-3.76735,-3.76595,-3.76442,-3.76279,-3.76104,-3.75918,-3.75722,-3.75515,-3.75299,-3.75072,-3.74836,-3.7459,-3.74335,-3.7407,-3.73795,-3.73509,-3.7321,-3.72899,-3.72572,-3.72227,-3.71863,-3.71475,-3.71061,-3.70618,-3.70144,-3.69642,-3.69115,-3.68575,-3.68043,-3.67531,-3.67115,-3.66853,-3.66772,-3.66871,-3.6687
-3.63866,-3.63865,-3.63875,-3.63878,-3.63872,-3.63854,-3.63821,-3.63774,-3.6371,-3.63633,-3.63547,-3.63453,-3.63354,-3.63256,-3.63166,-3.63084,-3.63015,-3.62961,-3.62926,-3.62911,-3.62917,-3.62944,-3.62992,-3.63062,-3.63152,-3.6326,-3.63385,-3.63528,-3.63684,-3.63854,-3.64033,-3.6422,-3.64415,-3.64616,-3.6482,-3.65027,-3.65233,-3.65437,-3.65639,-3.65837,-3.6603,-3.66216,-3.66395,-3.66565,-3.66726,-3.66878,-3.67019,-3.67148,-3.67266,-3.67372,-3.67466,-3.67546,-3.67614,-3.67668,-3.67709,-3.67737,-3.67751,-3.67751,-3.67738,-3.67711,-3.67671,-3.67617,-3.6755,-3.67471,-3.67379,-3.67274,-3.67157,-3.67028,-3.66887,-3.66734,-3.66571,-3.66397,-3.66212,-3.66018,-3.65814,-3.65601,-3.6538,-3.6515,-3.64912,-3.64665,-3.64411,-3.64149,-3.63879,-3.636,-3.63311,-3.6301,-3.62697,-3.6237,-3.62026,-3.61662,-3.61278,-3.60871,-3.60444,-3.60001,-3.59553,-3.59101,-3.58688,-3.58361,-3.58165,-3.5812,-3.58224,-3.58224
-3.54085,-3.54086,-3.5409,-3.54091,-3.54083,-3.54067,-3.54038,-3.53996,-3.53943,-3.53878,-3.53802,-3.5372,-3.53635,-3.53553,-3.53475,-3.53406,-3.53349,-3.53308,-3.53285,-3.5328,-3.53294,-3.53329,-3.53385,-3.5346,-3.53554,-3.53665,-3.53794,-3.53938,-3.54096,-3.54264,-3.54442,-3.54629,-3.54823,-3.55023,-3.55224,-3.55427,-3.55629,-3.5583,-3.56029,-3.56223,-3.56411,-3.56593,-3.56767,-3.56933,-3.5709,-3.57237,-3.57374,-3.57499,-3.57613,-3.57715,-3.57804,-3.57881,-3.57945,-3.57996,-3.58034,-3.58059,-3.58069,-3.58067,-3.58052,-3.58022,-3.5798,-3.57924,-3.57856,-3.57775,-3.57682,-3.57576,-3.57459,-3.57329,-3.57188,-3.57036,-3.56873,-3.567,-3.56517,-3.56325,-3.56124,-3.55915,-3.55698,-3.55474,-3.55243,-3.55005,-3.54761,-3.54512,-3.54256,-3.53994,-3.53725,-3.53449,-3.53164,-3.52869,-3.52563,-3.52243,-3.51907,-3.51557,-3.51193,-3.50818,-3.50442,-3.50063,-3.49727,-3.49469,-3.49323,-3.49303,-3.49409,-3.49409
-3.44307,-3.44307,-3.44308,-3.44306,-3.44298,-3.44282,-3.44257,-3.44222,-3.44176,-3.4412,-3.44055,-3.43985,-3.43914,-3.43845,-3.43781,-3.43725,-3.43682,-3.43654,-3.43642,-3.43646,-3.4367,-3.43714,-3.43777,-3.43858,-3.43957,-3.44073,-3.44205,-3.44351,-3.44509,-3.44677,-3.44856,-3.45043,-3.45236,-3.45433,-3.45631,-3.45831,-3.4603,-3.46228,-3.46423,-3.46613,-3.46797,-3.46974,-3.47145,-3.47306,-3.47459,-3.47601,-3.47733,-3.47854,-3.47964,-3.48062,-3.48147,-3.48221,-3.48282,-3.48329,-3.48364,-3.48385,-3.48394,-3.48389,-3.48371,-3.48339,-3.48295,-3.48238,-3.48169,-3.48087,-3.47992,-3.47886,-3.47768,-3.47638,-3.47497,-3.47346,-3.47184,-3.47012,-3.46831,-3.46642,-3.46444,-3.46238,-3.46026,-3.45807,-3.45583,-3.45354,-3.4512,-3.44882,-3.4464,-3.44393,-3.44143,-3.43888,-3.43628,-3.43361,-3.43087,-3.42804,-3.42511,-3.42208,-3.41896,-3.41579,-3.41253,-3.40939,-3.40665,-3.40462,-3.40354,-3.40352,-3.40456,-3.40456
-3.3453,-3.3453,-3.34528,-3.34523,-3.34514,-3.345,-3.34478,-3.34448,-3.34408,-3.3436,-3.34306,-3.34249,-3.34191,-3.34134,-3.34083,-3.34042,-3.34012,-3.33996,-3.33995,-3.34011,-3.34046,-3.34098,-3.34168,-3.34255,-3.3436,-3.34481,-3.34616,-3.34763,-3.34923,-3.35093,-3.35273,-3.35459,-3.3565,-3.35844,-3.3604,-3.36238,-3.36435,-3.36629,-3.3682,-3.37005,-3.37185,-3.37359,-3.37525,-3.37682,-3.3783,-3.37968,-3.38095,-3.38212,-3.38318,-3.38412,-3.38494,-3.38564,-3.38621,-3.38665,-3.38697,-3.38716,-3.38722,-3.38715,-3.38695,-3.38661,-3.38615,-3.38557,-3.38487,-3.38404,-3.38309,-3.38203,-3.38084,-3.37954,-3.37814,-3.37663,-3.37503,-3.37333,-3.37154,-3.36967,-3.36772,-3.36571,-3.36363,-3.3615,-3.35933,-3.35711,-3.35486,-3.35259,-3.35029,-3.34797,-3.34563,-3.34327,-3.34088,-3.33846,-3.336,-3.33348,-3.33091,-3.32827,-3.32557,-3.32285,-3.32006,-3.31743,-3.31519,-3.31357,-3.31278,-3.31289,-3.31391,-3.31391
-3.24753,-3.24754,-3.24749,-3.24742,-3.24733,-3.2472,-3.24701,-3.24674,-3.2464,-3.246,-3.24557,-3.24511,-3.24464,-3.2442,-3.24383,-3.24356,-3.24338,-3.24334,-3.24346,-3.24374,-3.24418,-3.24479,-3.24557,-3.24651,-3.24762,-3.24887,-3.25025,-3.25176,-3.25338,-3.2551,-3.2569,-3.25875,-3.26064,-3.26256,-3.26451,-3.26647,-3.2684,-3.2703,-3.27217,-3.27399,-3.27576,-3.27745,-3.27907,-3.28059,-3.28202,-3.28336,-3.2846,-3.28573,-3.28675,-3.28765,-3.28843,-3.28909,-3.28963,-3.29005,-3.29034,-3.2905,-3.29053,-3.29044,-3.29022,-3.28987,-3.2894,-3.28881,-3.2881,-3.28727,-3.28631,-3.28524,-3.28406,-3.28277,-3.28137,-3.27988,-3.27829,-3.27661,-3.27484,-3.27299,-3.27108,-3.26911,-3.26708,-3.26501,-3.2629,-3.26076,-3.25859,-3.25642,-3.25423,-3.25204,-3.24984,-3.24765,-3.24545,-3.24324,-3.24102,-3.23877,-3.23649,-3.23418,-3.23184,-3.22944,-3.22706,-3.22485,-3.22299,-3.22171,-3.22114,-3.22133,-3.22232,-3.22232
-3.14978,-3.14978,-3.14971,-3.14963,-3.14954,-3.14941,-3.14923,-3.149,-3.14872,-3.14841,-3.14806,-3.1477,-3.14735,-3.14704,-3.14681,-3.14666,-3.14661,-3.1467,-3.14694,-3.14733,-3.14787,-3.14857,-3.14943,-3.15045,-3.15161,-3.15291,-3.15433,-3.15587,-3.15752,-3.15925,-3.16104,-3.16288,-3.16477,-3.16669,-3.16862,-3.17054,-3.17244,-3.17432,-3.17615,-3.17794,-3.17966,-3.18131,-3.18288,-3.18436,-3.18575,-3.18705,-3.18825,-3.18934,-3.19032,-3.19118,-3.19193,-3.19256,-3.19307,-3.19346,-3.19372,-3.19386,-3.19387,-3.19376,-3.19352,-3.19316,-3.19268,-3.19208,-3.19136,-3.19053,-3.18957,-3.18851,-3.18733,-3.18605,-3.18466,-3.18318,-3.18161,-3.17994,-3.1782,-3.17639,-3.17452,-3.17258,-3.1706,-3.16858,-3.16653,-3.16446,-3.16238,-3.16029,-3.15821,-3.15613,-3.15407,-3.15202,-3.14999,-3.14796,-3.14594,-3.14391,-3.14188,-3.13983,-3.13777,-3.13566,-3.1336,-3.13172,-3.13018,-3.12915,-3.12874,-3.129,-3.12994,-3.12994
-3.05203,-3.05202,-3.05194,-3.05186,-3.05176,-3.05163,-3.05147,-3.05128,-3.05106,-3.05081,-3.05054,-3.05028,-3.05005,-3.04987,-3.04975,-3.04973,-3.04982,-3.05004,-3.05039,-3.05088,-3.05153,-3.05232,-3.05327,-3.05435,-3.05557,-3.05692,-3.05839,-3.05996,-3.06163,-3.06336,-3.06516,-3.06701,-3.06889,-3.0708,-3.07271,-3.0746,-3.07647,-3.07832,-3.08012,-3.08187,-3.08355,-3.08515,-3.08668,-3.08812,-3.08948,-3.09074,-3.0919,-3.09295,-3.09388,-3.09471,-3.09543,-3.09603,-3.09651,-3.09687,-3.0971,-3.09722,-3.09721,-3.09709,-3.09684,-3.09647,-3.09598,-3.09537,-3.09465,-3.09382,-3.09286,-3.0918,-3.09064,-3.08936,-3.08799,-3.08653,-3.08497,-3.08333,-3.08162,-3.07984,-3.078,-3.07611,-3.07417,-3.07221,-3.07022,-3.06821,-3.0662,-3.0642,-3.06221,-3.06024,-3.05829,-3.05637,-3.05448,-3.05261,-3.05076,-3.04892,-3.04708,-3.04526,-3.04341,-3.04154,-3.03975,-3.03813,-3.03683,-3.03599,-3.0357,-3.036,-3.03691,-3.03691
-2.95427,-2.95426,-2.95418,-2.95409,-2.95398,-2.95385,-2.95372,-2.95356,-2.95339,-2.9532,-2.95301,-2.95286,-2.95273,-2.95266,-2.95267,-2.95277,-2.953,-2.95333,-2.9538,-2.9544,-2.95514,-2.95603,-2.95705,-2.95821,-2.95949,-2.96089,-2.96241,-2.96401,-2.96569,-2.96744,-2.96925,-2.97111,-2.97299,-2.97488,-2.97676,-2.97863,-2.98048,-2.9823,-2.98407,-2.98577,-2.9874,-2.98897,-2.99047,-2.99188,-2.99319,-2.99441,-2.99552,-2.99653,-2.99744,-2.99823,-2.99892,-2.99949,-2.99994,-3.00027,-3.00048,-3.00058,-3.00056,-3.00042,-3.00016,-2.99978,-2.99929,-2.99868,-2.99796,-2.99712,-2.99618,-2.99512,-2.99396,-2.99271,-2.99135,-2.9899,-2.98837,-2.98676,-2.98508,-2.98333,-2.98152,-2.97968,-2.97779,-2.97587,-2.97394,-2.972,-2.97006,-2.96814,-2.96623,-2.96435,-2.96251,-2.9607,-2.95892,-2.95718,-2.95547,-2.95379,-2.95212,-2.95047,-2.94879,-2.94712,-2.94553,-2.94412,-2.94301,-2.94231,-2.94211,-2.94244,-2.9433,-2.9433
-2.85651,-2.85652,-2.85642,-2.85631,-2.8562,-2.85609,-2.85597,-2.85584,-2.85571,-2.85559,-2.85549,-2.85542,-2.8554,-2.85544,-2.85557,-2.8558,-2.85614,-2.85659,-2.85716,-2.85787,-2.85872,-2.85969,-2.86079,-2.86202,-2.86337,-2.86483,-2.86637,-2.86801,-2.86971,-2.87148,-2.87331,-2.87516,-2.87703,-2.8789,-2.88077,-2.88263,-2.88446,-2.88624,-2.88796,-2.88962,-2.89123,-2.89277,-2.89423,-2.89559,-2.89686,-2.89804,-2.89912,-2.90009,-2.90097,-2.90173,-2.90239,-2.90292,-2.90335,-2.90366,-2.90386,-2.90394,-2.9039,-2.90375,-2.90347,-2.90309,-2.90259,-2.90199,-2.90127,-2.90044,-2.89949,-2.89845,-2.89731,-2.89606,-2.89472,-2.8933,-2.89179,-2.89021,-2.88856,-2.88684,-2.88508,-2.88327,-2.88142,-2.87956,-2.87768,-2.8758,-2.87393,-2.87207,-2.87024,-2.86845,-2.86669,-2.86498,-2.86331,-2.86168,-2.86009,-2.85854,-2.857,-2.85549,-2.85394,-2.85243,-2.851,-2.84975,-2.84877,-2.84818,-2.84804,-2.84838,-2.8492,-2.8492
-2.75877,-2.75878,-2.75866,-2.75854,-2.75844,-2.75833,-2.75823,-2.75812,-2.75804,-2.75799,-2.75796,-2.75798,-2.75805,-2.75821,-2.75846,-2.7588,-2.75924,-2.7598,-2.76049,-2.76131,-2.76224,-2.7633,-2.76448,-2.76578,-2.76719,-2.76869,-2.77028,-2.77195,-2.77369,-2.77548,-2.77731,-2.77916,-2.78102,-2.78289,-2.78474,-2.78658,-2.78837,-2.79011,-2.79181,-2.79345,-2.79503,-2.79652,-2.79794,-2.79926,-2.8005,-2.80164,-2.80268,-2.80363,-2.80447,-2.8052,-2.80582,-2.80633,-2.80674,-2.80703,-2.80721,-2.80727,-2.80722,-2.80705,-2.80677,-2.80639,-2.8059,-2.80529,-2.80457,-2.80374,-2.80281,-2.80178,-2.80065,-2.79942,-2.7981,-2.7967,-2.79522,-2.79367,-2.79204,-2.79037,-2.78864,-2.78687,-2.78508,-2.78326,-2.78143,-2.77961,-2.7778,-2.77601,-2.77425,-2.77253,-2.77085,-2.76922,-2.76764,-2.7661,-2.76461,-2.76316,-2.76174,-2.7603,-2.75888,-2.75749,-2.75619,-2.75505,-2.75417,-2.75365,-2.75355,-2.75389,-2.75467,-2.75467
-2.66102,-2.66102,-2.66089,-2.66078,-2.66067,-2.66057,-2.66048,-2.66041,-2.66038,-2.66038,-2.66042,-2.66052,-2.6607,-2.66097,-2.66132,-2.66176,-2.66231,-2.66299,-2.66378,-2.66469,-2.66572,-2.66686,-2.66812,-2.66949,-2.67095,-2.6725,-2.67413,-2.67584,-2.6776,-2.67941,-2.68124,-2.68309,-2.68496,-2.68681,-2.68865,-2.69046,-2.69222,-2.69394,-2.69562,-2.69723,-2.69876,-2.70022,-2.70159,-2.70288,-2.70408,-2.70519,-2.70621,-2.70712,-2.70792,-2.70862,-2.70922,-2.70971,-2.7101,-2.71037,-2.71053,-2.71058,-2.71051,-2.71034,-2.71006,-2.70967,-2.70918,-2.70857,-2.70785,-2.70704,-2.70612,-2.7051,-2.70399,-2.70278,-2.70148,-2.70011,-2.69865,-2.69712,-2.69554,-2.69389,-2.6922,-2.69048,-2.68873,-2.68695,-2.68518,-2.68341,-2.68165,-2.67992,-2.67822,-2.67657,-2.67496,-2.6734,-2.67189,-2.67044,-2.66903,-2.66765,-2.66631,-2.66496,-2.66362,-2.66232,-2.6611,-2.66004,-2.65923,-2.65876,-2.65868,-2.65902,-2.65976,-2.65976
-2.56327,-2.56326,-2.56313,-2.56301,-2.5629,-2.5628,-2.56274,-2.56271,-2.56272,-2.56277,-2.56288,-2.56307,-2.56335,-2.5637,-2.56414,-2.56469,-2.56536,-2.56614,-2.56702,-2.56802,-2.56914,-2.57037,-2.5717,-2.57313,-2.57464,-2.57625,-2.57793,-2.57966,-2.58145,-2.58327,-2.58511,-2.58697,-2.58883,-2.59067,-2.59249,-2.59427,-2.59602,-2.59772,-2.59936,-2.60093,-2.60243,-2.60386,-2.6052,-2.60645,-2.60762,-2.6087,-2.60968,-2.61055,-2.61133,-2.61201,-2.61258,-2.61306,-2.61342,-2.61367,-2.61381,-2.61385,-2.61378,-2.6136,-2.61332,-2.61293,-2.61243,-2.61182,-2.61112,-2.61031,-2.60941,-2.6084,-2.6073,-2.60612,-2.60484,-2.60349,-2.60206,-2.60057,-2.59901,-2.59741,-2.59575,-2.59407,-2.59236,-2.59063,-2.5889,-2.58718,-2.58548,-2.5838,-2.58216,-2.58056,-2.57901,-2.57752,-2.57607,-2.57468,-2.57334,-2.57203,-2.57073,-2.56944,-2.56816,-2.56692,-2.56577,-2.56476,-2.56399,-2.56354,-2.56348,-2.56381,-2.56452,-2.56452
-2.4655,-2.4655,-2.46536,-2.46523,-2.46512,-2.46504,-2.465,-2.46499,-2.46504,-2.46515,-2.46534,-2.46561,-2.46596,-2.4664,-2.46695,-2.4676,-2.46837,-2.46923,-2.47021,-2.4713,-2.47251,-2.47381,-2.47521,-2.4767,-2.47828,-2.47993,-2.48165,-2.48341,-2.48522,-2.48705,-2.48891,-2.49077,-2.49262,-2.49445,-2.49625,-2.49802,-2.49975,-2.50142,-2.50303,-2.50457,-2.50604,-2.50743,-2.50874,-2.50996,-2.5111,-2.51214,-2.51309,-2.51393,-2.51469,-2.51535,-2.5159,-2.51635,-2.51668,-2.51692,-2.51705,-2.51708,-2.51701,-2.51682,-2.51653,-2.51614,-2.51565,-2.51505,-2.51436,-2.51356,-2.51267,-2.51168,-2.5106,-2.50943,-2.50818,-2.50685,-2.50546,-2.50399,-2.50247,-2.5009,-2.49928,-2.49764,-2.49597,-2.49428,-2.4926,-2.49092,-2.48927,-2.48764,-2.48605,-2.4845,-2.483,-2.48156,-2.48017,-2.47883,-2.47753,-2.47627,-2.47501,-2.47376,-2.47252,-2.47132,-2.4702,-2.46921,-2.46847,-2.46803,-2.46797,-2.46829,-2.46897,-2.46897
-2.36773,-2.36773,-2.36758,-2.36745,-2.36735,-2.36728,-2.36725,-2.36727,-2.36737,-2.36754,-2.36779,-2.36813,-2.36856,-2.36909,-2.36973,-2.37048,-2.37133,-2.37228,-2.37335,-2.37453,-2.37581,-2.37718,-2.37865,-2.3802,-2.38184,-2.38353,-2.38529,-2.38708,-2.38891,-2.39076,-2.39263,-2.39448,-2.39633,-2.39815,-2.39994,-2.4017,-2.4034,-2.40504,-2.40662,-2.40813,-2.40957,-2.41093,-2.41221,-2.41341,-2.41451,-2.41552,-2.41643,-2.41726,-2.418,-2.41863,-2.41915,-2.41958,-2.4199,-2.42013,-2.42025,-2.42027,-2.42019,-2.41999,-2.41971,-2.41932,-2.41883,-2.41824,-2.41756,-2.41677,-2.41589,-2.41492,-2.41386,-2.41271,-2.41149,-2.41019,-2.40882,-2.40738,-2.40589,-2.40435,-2.40278,-2.40117,-2.39954,-2.39789,-2.39625,-2.39462,-2.39301,-2.39142,-2.38988,-2.38837,-2.38692,-2.38552,-2.38417,-2.38287,-2.38161,-2.38038,-2.37915,-2.37792,-2.3767,-2.37551,-2.3744,-2.37343,-2.37268,-2.37225,-2.37218,-2.37249,-2.37314,-2.37314
-2.26994,-2.26994,-2.26979,-2.26966,-2.26955,-2.2695,-2.26949,-2.26955,-2.26969,-2.26991,-2.27022,-2.27063,-2.27114,-2.27176,-2.27248,-2.27331,-2.27424,-2.27529,-2.27645,-2.2777,-2.27905,-2.28049,-2.28203,-2.28364,-2.28532,-2.28706,-2.28885,-2.29067,-2.29253,-2.29439,-2.29626,-2.29812,-2.29996,-2.30177,-2.30355,-2.30529,-2.30696,-2.30858,-2.31014,-2.31162,-2.31303,-2.31436,-2.31561,-2.31677,-2.31784,-2.31883,-2.31973,-2.32054,-2.32124,-2.32184,-2.32234,-2.32276,-2.32307,-2.32329,-2.3234,-2.32341,-2.32331,-2.32312,-2.32284,-2.32246,-2.32197,-2.32139,-2.32071,-2.31994,-2.31907,-2.31812,-2.31708,-2.31595,-2.31475,-2.31348,-2.31213,-2.31073,-2.30927,-2.30777,-2.30622,-2.30465,-2.30306,-2.30146,-2.29985,-2.29826,-2.29669,-2.29514,-2.29364,-2.29217,-2.29076,-2.28939,-2.28808,-2.28681,-2.28558,-2.28435,-2.28313,-2.28191,-2.2807,-2.27951,-2.27839,-2.27741,-2.27665,-2.27621,-2.27613,-2.27644,-2.27706,-2.27706
-2.17213,-2.17213,-2.17198,-2.17184,-2.17175,-2.17171,-2.17172,-2.17181,-2.17199,-2.17226,-2.17263,-2.17311,-2.17369,-2.17439,-2.17519,-2.1761,-2.17712,-2.17825,-2.17948,-2.1808,-2.18222,-2.18374,-2.18533,-2.187,-2.18872,-2.1905,-2.19233,-2.19418,-2.19605,-2.19793,-2.1998,-2.20166,-2.2035,-2.20531,-2.20707,-2.20879,-2.21045,-2.21204,-2.21357,-2.21503,-2.21641,-2.21772,-2.21893,-2.22006,-2.22111,-2.22208,-2.22295,-2.22373,-2.2244,-2.22499,-2.22548,-2.22588,-2.22618,-2.22638,-2.22648,-2.22649,-2.22639,-2.2262,-2.22592,-2.22554,-2.22506,-2.22449,-2.22382,-2.22305,-2.22221,-2.22127,-2.22025,-2.21915,-2.21797,-2.21672,-2.2154,-2.21403,-2.2126,-2.21113,-2.20962,-2.20808,-2.20653,-2.20496,-2.20339,-2.20184,-2.2003,-2.19879,-2.19732,-2.19589,-2.1945,-2.19317,-2.19188,-2.19063,-2.18941,-2.18819,-2.18697,-2.18575,-2.18452,-2.18332,-2.18217,-2.18117,-2.18039,-2.17993,-2.17985,-2.18014,-2.18074,-2.18074
-2.07431,-2.07431,-2.07415,-2.07402,-2.07393,-2.0739,-2.07394,-2.07406,-2.07428,-2.0746,-2.07503,-2.07557,-2.07622,-2.07698,-2.07786,-2.07885,-2.07994,-2.08115,-2.08245,-2.08384,-2.08533,-2.08691,-2.08856,-2.09027,-2.09205,-2.09387,-2.09572,-2.09759,-2.09948,-2.10138,-2.10326,-2.10512,-2.10695,-2.10875,-2.1105,-2.1122,-2.11384,-2.11541,-2.11691,-2.11835,-2.11971,-2.12098,-2.12217,-2.12328,-2.12431,-2.12525,-2.12609,-2.12684,-2.1275,-2.12808,-2.12856,-2.12894,-2.12923,-2.12941,-2.12951,-2.12951,-2.12942,-2.12923,-2.12894,-2.12856,-2.12809,-2.12753,-2.12687,-2.12612,-2.12529,-2.12437,-2.12337,-2.12229,-2.12113,-2.11991,-2.11862,-2.11727,-2.11588,-2.11444,-2.11296,-2.11145,-2.10993,-2.1084,-2.10686,-2.10534,-2.10384,-2.10236,-2.10092,-2.09951,-2.09816,-2.09684,-2.09557,-2.09434,-2.09311,-2.09189,-2.09066,-2.08942,-2.08817,-2.08693,-2.08575,-2.08472,-2.08391,-2.08344,-2.08334,-2.08362,-2.0842,-2.0842
-1.97647,-1.97646,-1.97629,-1.97617,-1.97609,-1.97607,-1.97613,-1.97629,-1.97655,-1.97691,-1.9774,-1.978,-1.97871,-1.97954,-1.98049,-1.98155,-1.98272,-1.98398,-1.98535,-1.98682,-1.98837,-1.99,-1.9917,-1.99347,-1.99528,-1.99714,-1.99902,-2.00092,-2.00283,-2.00473,-2.00662,-2.00848,-2.01031,-2.0121,-2.01384,-2.01552,-2.01713,-2.01869,-2.02018,-2.02159,-2.02291,-2.02416,-2.02533,-2.02643,-2.02743,-2.02833,-2.02915,-2.02989,-2.03054,-2.0311,-2.03156,-2.03193,-2.0322,-2.03239,-2.03248,-2.03248,-2.03238,-2.03219,-2.03191,-2.03153,-2.03107,-2.03051,-2.02987,-2.02913,-2.02831,-2.02741,-2.02643,-2.02537,-2.02424,-2.02304,-2.02178,-2.02046,-2.01909,-2.01768,-2.01623,-2.01476,-2.01326,-2.01176,-2.01026,-2.00877,-2.00729,-2.00584,-2.00442,-2.00305,-2.00171,-2.00041,-1.99915,-1.99791,-1.99668,-1.99544,-1.99419,-1.99292,-1.99163,-1.99035,-1.98913,-1.98806,-1.98722,-1.98673,-1.98662,-1.98689,-1.98746,-1.98746
-1.87859,-1.87858,-1.87842,-1.8783,-1.87822,-1.87822,-1.87831,-1.8785,-1.87879,-1.8792,-1.87974,-1.88039,-1.88117,-1.88206,-1.88308,-1.8842,-1.88543,-1.88676,-1.8882,-1.88972,-1.89133,-1.89302,-1.89477,-1.89658,-1.89843,-1.90032,-1.90223,-1.90416,-1.90608,-1.90799,-1.90988,-1.91175,-1.91358,-1.91535,-1.91708,-1.91874,-1.92034,-1.92188,-1.92334,-1.92472,-1.92603,-1.92726,-1.92842,-1.92948,-1.93045,-1.93134,-1.93215,-1.93288,-1.93351,-1.93404,-1.93449,-1.93485,-1.93512,-1.9353,-1.93538,-1.93537,-1.93527,-1.93509,-1.93481,-1.93444,-1.93398,-1.93344,-1.9328,-1.93208,-1.93127,-1.93039,-1.92943,-1.92839,-1.92728,-1.9261,-1.92487,-1.92357,-1.92223,-1.92085,-1.91943,-1.91798,-1.91652,-1.91505,-1.91357,-1.91211,-1.91066,-1.90923,-1.90784,-1.90648,-1.90515,-1.90387,-1.90261,-1.90136,-1.90011,-1.89886,-1.89758,-1.89627,-1.89493,-1.89359,-1.89232,-1.8912,-1.89033,-1.88982,-1.8897,-1.88996,-1.89051,-1.89051
-1.78068,-1.78068,-1.78052,-1.78039,-1.78033,-1.78035,-1.78046,-1.78067,-1.781,-1.78146,-1.78204,-1.78275,-1.78358,-1.78454,-1.78561,-1.78679,-1.78808,-1.78948,-1.79097,-1.79255,-1.79422,-1.79596,-1.79775,-1.7996,-1.80149,-1.80341,-1.80535,-1.80729,-1.80923,-1.81115,-1.81306,-1.81492,-1.81674,-1.8185,-1.82021,-1.82187,-1.82346,-1.82498,-1.82641,-1.82777,-1.82907,-1.83029,-1.83141,-1.83244,-1.8334,-1.83428,-1.83508,-1.83578,-1.83639,-1.83691,-1.83735,-1.83771,-1.83797,-1.83814,-1.83822,-1.83821,-1.83811,-1.83792,-1.83765,-1.83728,-1.83683,-1.8363,-1.83567,-1.83496,-1.83417,-1.8333,-1.83236,-1.83134,-1.83025,-1.8291,-1.82788,-1.82662,-1.8253,-1.82394,-1.82255,-1.82113,-1.81969,-1.81825,-1.8168,-1.81536,-1.81393,-1.81252,-1.81115,-1.8098,-1.80849,-1.80721,-1.80593,-1.80467,-1.80341,-1.80212,-1.8008,-1.79944,-1.79805,-1.79665,-1.79532,-1.79415,-1.79325,-1.79271,-1.79258,-1.79284,-1.79338,-1.79338
-1.68274,-1.68274,-1.68257,-1.68245,-1.68241,-1.68244,-1.68257,-1.68281,-1.68319,-1.68368,-1.68431,-1.68507,-1.68596,-1.68696,-1.68809,-1.68932,-1.69067,-1.69212,-1.69367,-1.69531,-1.69702,-1.69881,-1.70065,-1.70254,-1.70446,-1.70641,-1.70837,-1.71033,-1.71229,-1.71423,-1.71613,-1.71799,-1.7198,-1.72156,-1.72327,-1.72491,-1.72648,-1.72797,-1.72939,-1.73075,-1.73202,-1.73321,-1.7343,-1.73533,-1.73627,-1.73714,-1.73791,-1.7386,-1.7392,-1.73971,-1.74015,-1.74049,-1.74074,-1.7409,-1.74098,-1.74097,-1.74087,-1.74069,-1.74042,-1.74006,-1.73962,-1.73909,-1.73847,-1.73778,-1.737,-1.73615,-1.73522,-1.73422,-1.73315,-1.73202,-1.73083,-1.72958,-1.72829,-1.72696,-1.72559,-1.7242,-1.72278,-1.72136,-1.71993,-1.71851,-1.7171,-1.71572,-1.71435,-1.71302,-1.71171,-1.71041,-1.70913,-1.70785,-1.70656,-1.70524,-1.70387,-1.70245,-1.70099,-1.69953,-1.69814,-1.69691,-1.69598,-1.69542,-1.69528,-1.69553,-1.69607,-1.69607
-1.58476,-1.58476,-1.58459,-1.58448,-1.58445,-1.58449,-1.58464,-1.58492,-1.58533,-1.58587,-1.58654,-1.58734,-1.58827,-1.58933,-1.5905,-1.59179,-1.5932,-1.5947,-1.5963,-1.59798,-1.59975,-1.60157,-1.60346,-1.60538,-1.60734,-1.60931,-1.6113,-1.61328,-1.61525,-1.6172,-1.6191,-1.62095,-1.62276,-1.62452,-1.62622,-1.62784,-1.62939,-1.63087,-1.63229,-1.63363,-1.63487,-1.63603,-1.63712,-1.63814,-1.63907,-1.63991,-1.64066,-1.64134,-1.64193,-1.64244,-1.64286,-1.6432,-1.64344,-1.6436,-1.64367,-1.64366,-1.64357,-1.64339,-1.64312,-1.64277,-1.64233,-1.64181,-1.64121,-1.64052,-1.63976,-1.63892,-1.63801,-1.63703,-1.63598,-1.63486,-1.63369,-1.63247,-1.6312,-1.62989,-1.62854,-1.62717,-1.62578,-1.62438,-1.62297,-1.62157,-1.62018,-1.6188,-1.61745,-1.61612,-1.6148,-1.6135,-1.6122,-1.6109,-1.60957,-1.6082,-1.60678,-1.60529,-1.60376,-1.60222,-1.60077,-1.59949,-1.59852,-1.59795,-1.59781,-1.59806,-1.59858,-1.59858
-1.48674,-1.48673,-1.48657,-1.48647,-1.48644,-1.4865,-1.48669,-1.48699,-1.48743,-1.488,-1.48872,-1.48956,-1.49054,-1.49164,-1.49286,-1.4942,-1.49565,-1.4972,-1.49885,-1.50058,-1.50238,-1.50425,-1.50617,-1.50813,-1.51012,-1.51212,-1.51413,-1.51613,-1.51811,-1.52005,-1.52196,-1.52382,-1.52564,-1.52739,-1.52907,-1.53067,-1.53221,-1.5337,-1.53509,-1.5364,-1.53762,-1.53878,-1.53986,-1.54086,-1.54177,-1.5426,-1.54334,-1.54401,-1.54459,-1.54509,-1.5455,-1.54583,-1.54607,-1.54623,-1.5463,-1.54629,-1.54619,-1.54602,-1.54575,-1.5454,-1.54497,-1.54446,-1.54387,-1.54319,-1.54244,-1.54162,-1.54072,-1.53976,-1.53872,-1.53763,-1.53648,-1.53528,-1.53403,-1.53274,-1.53141,-1.53006,-1.52869,-1.5273,-1.52591,-1.52453,-1.52315,-1.52178,-1.52043,-1.5191,-1.51777,-1.51646,-1.51514,-1.51381,-1.51244,-1.51101,-1.50952,-1.50796,-1.50635,-1.50474,-1.50322,-1.5019,-1.50089,-1.50031,-1.50017,-1.50041,-1.50094,-1.50094
-1.38867,-1.38867,-1.38851,-1.38841,-1.38839,-1.38848,-1.38869,-1.38902,-1.38948,-1.39009,-1.39084,-1.39173,-1.39274,-1.39388,-1.39515,-1.39653,-1.39803,-1.39963,-1.40132,-1.40309,-1.40494,-1.40684,-1.4088,-1.41079,-1.4128,-1.41484,-1.41687,-1.41888,-1.42086,-1.42281,-1.42473,-1.4266,-1.42841,-1.43014,-1.43181,-1.43341,-1.43496,-1.43642,-1.43779,-1.43908,-1.4403,-1.44145,-1.44252,-1.44349,-1.44439,-1.44521,-1.44595,-1.4466,-1.44717,-1.44766,-1.44806,-1.44839,-1.44862,-1.44878,-1.44885,-1.44884,-1.44875,-1.44857,-1.44831,-1.44796,-1.44754,-1.44704,-1.44645,-1.44579,-1.44505,-1.44424,-1.44336,-1.44241,-1.44139,-1.44031,-1.43918,-1.438,-1.43676,-1.43549,-1.43419,-1.43285,-1.4315,-1.43013,-1.42876,-1.42738,-1.42601,-1.42465,-1.4233,-1.42195,-1.42062,-1.41929,-1.41795,-1.41657,-1.41516,-1.41367,-1.41211,-1.41046,-1.40877,-1.40708,-1.4055,-1.40413,-1.4031,-1.4025,-1.40236,-1.40261,-1.40313,-1.40313
-1.29055,-1.29055,-1.29039,-1.2903,-1.2903,-1.29041,-1.29063,-1.29099,-1.29149,-1.29213,-1.29291,-1.29383,-1.29488,-1.29606,-1.29737,-1.2988,-1.30034,-1.30197,-1.3037,-1.30552,-1.3074,-1.30934,-1.31133,-1.31335,-1.3154,-1.31745,-1.3195,-1.32152,-1.32351,-1.32548,-1.32741,-1.32927,-1.33107,-1.33279,-1.33447,-1.33607,-1.3376,-1.33903,-1.34039,-1.34168,-1.3429,-1.34403,-1.34507,-1.34604,-1.34693,-1.34774,-1.34846,-1.34911,-1.34967,-1.35015,-1.35055,-1.35087,-1.35111,-1.35126,-1.35133,-1.35132,-1.35122,-1.35105,-1.35079,-1.35046,-1.35004,-1.34954,-1.34896,-1.34831,-1.34759,-1.34679,-1.34592,-1.34498,-1.34398,-1.34292,-1.3418,-1.34063,-1.33942,-1.33816,-1.33687,-1.33555,-1.33421,-1.33286,-1.33149,-1.33013,-1.32876,-1.3274,-1.32604,-1.32469,-1.32335,-1.32199,-1.32062,-1.3192,-1.31772,-1.31617,-1.31453,-1.3128,-1.31102,-1.30925,-1.3076,-1.30619,-1.30514,-1.30454,-1.3044,-1.30465,-1.30517,-1.30517
-1.19238,-1.19238,-1.19222,-1.19215,-1.19217,-1.19228,-1.19253,-1.19291,-1.19344,-1.19411,-1.19492,-1.19587,-1.19696,-1.19818,-1.19952,-1.20099,-1.20256,-1.20424,-1.206,-1.20785,-1.20977,-1.21175,-1.21377,-1.21582,-1.2179,-1.21997,-1.22202,-1.22406,-1.22608,-1.22806,-1.22998,-1.23183,-1.23362,-1.23536,-1.23704,-1.23863,-1.24013,-1.24155,-1.24292,-1.2442,-1.2454,-1.24651,-1.24755,-1.24851,-1.24939,-1.25018,-1.2509,-1.25154,-1.25209,-1.25257,-1.25297,-1.25328,-1.25351,-1.25366,-1.25373,-1.25372,-1.25363,-1.25345,-1.2532,-1.25287,-1.25246,-1.25197,-1.2514,-1.25076,-1.25004,-1.24925,-1.24839,-1.24747,-1.24648,-1.24543,-1.24433,-1.24318,-1.24198,-1.24074,-1.23946,-1.23816,-1.23683,-1.23548,-1.23412,-1.23276,-1.23139,-1.23003,-1.22867,-1.22731,-1.22595,-1.22456,-1.22315,-1.22168,-1.22014,-1.21851,-1.21678,-1.21497,-1.2131,-1.21126,-1.20954,-1.20809,-1.20702,-1.20642,-1.20629,-1.20655,-1.20706,-1.20706
-1.09415,-1.09414,-1.094,-1.09394,-1.09397,-1.0941,-1.09437,-1.09478,-1.09533,-1.09602,-1.09686,-1.09785,-1.09896,-1.10022,-1.1016,-1.1031,-1.1047,-1.10641,-1.10822,-1.1101,-1.11205,-1.11406,-1.11612,-1.1182,-1.12029,-1.12237,-1.12445,-1.12651,-1.12854,-1.13052,-1.13243,-1.13429,-1.1361,-1.13784,-1.1395,-1.14107,-1.14257,-1.144,-1.14535,-1.14662,-1.1478,-1.14891,-1.14994,-1.15089,-1.15176,-1.15255,-1.15326,-1.15389,-1.15444,-1.15491,-1.1553,-1.15561,-1.15584,-1.15599,-1.15606,-1.15604,-1.15596,-1.15579,-1.15554,-1.15521,-1.1548,-1.15432,-1.15376,-1.15312,-1.15241,-1.15164,-1.15079,-1.14988,-1.1489,-1.14786,-1.14677,-1.14563,-1.14445,-1.14322,-1.14195,-1.14065,-1.13933,-1.13799,-1.13664,-1.13528,-1.13392,-1.13255,-1.13118,-1.12981,-1.12842,-1.127,-1.12554,-1.12402,-1.12241,-1.1207,-1.11888,-1.11697,-1.11501,-1.11309,-1.11132,-1.10984,-1.10876,-1.10816,-1.10804,-1.1083,-1.10881,-1.10881
-0.995858,-0.995856,-0.995732,-0.995676,-0.995708,-0.995863,-0.996155,-0.996583,-0.997155,-0.997876,-0.998741,-0.999751,-1.0009,-1.00219,-1.00359,-1.00512,-1.00676,-1.00851,-1.01034,-1.01226,-1.01425,-1.01629,-1.01837,-1.02047,-1.02258,-1.02469,-1.02679,-1.02887,-1.0309,-1.03287,-1.0348,-1.03667,-1.03848,-1.04021,-1.04185,-1.04342,-1.04493,-1.04635,-1.04769,-1.04894,-1.05012,-1.05122,-1.05224,-1.05318,-1.05405,-1.05483,-1.05553,-1.05616,-1.0567,-1.05717,-1.05756,-1.05787,-1.05809,-1.05824,-1.05831,-1.0583,-1.05821,-1.05804,-1.0578,-1.05747,-1.05707,-1.05659,-1.05604,-1.05541,-1.05471,-1.05394,-1.0531,-1.0522,-1.05123,-1.05021,-1.04913,-1.048,-1.04682,-1.04559,-1.04434,-1.04305,-1.04174,-1.0404,-1.03906,-1.0377,-1.03633,-1.03496,-1.03358,-1.03218,-1.03076,-1.02931,-1.0278,-1.02621,-1.02452,-1.02272,-1.02081,-1.01881,-1.01676,-1.01477,-1.01295,-1.01143,-1.01035,-1.00976,-1.00965,-1.00992,-1.01044,-1.01044
-0.897509,-0.897515,-0.897393,-0.897341,-0.897394,-0.897573,-0.897879,-0.898323,-0.898917,-0.89966,-0.900551,-0.901588,-0.902765,-0.904074,-0.90551,-0.907068,-0.90874,-0.910515,-0.912383,-0.914332,-0.916347,-0.918414,-0.920517,-0.922641,-0.924775,-0.926911,-0.929028,-0.93111,-0.933145,-0.935132,-0.937072,-0.938951,-0.940752,-0.942469,-0.944116,-0.945696,-0.947196,-0.948606,-0.949935,-0.951186,-0.952359,-0.953449,-0.954462,-0.955398,-0.956254,-0.957029,-0.957728,-0.958349,-0.958891,-0.959353,-0.959737,-0.960042,-0.960267,-0.960413,-0.960481,-0.96047,-0.960385,-0.960221,-0.959976,-0.959653,-0.959256,-0.958783,-0.958234,-0.957612,-0.956921,-0.956159,-0.955329,-0.954433,-0.953473,-0.952455,-0.951384,-0.950261,-0.94909,-0.947877,-0.946629,-0.945349,-0.944042,-0.942712,-0.941367,-0.940008,-0.938636,-0.937254,-0.935856,-0.934435,-0.932982,-0.93148,-0.92991,-0.92825,-0.926481,-0.924591,-0.922582,-0.920482,-0.918351,-0.916288,-0.914422,-0.91289,-0.91181,-0.911237,-0.911143,-0.911421,-0.911934,-0.911934
-0.799104,-0.799108,-0.798986,-0.798952,-0.799027,-0.799216,-0.799534,-0.799998,-0.800613,-0.801378,-0.802291,-0.80335,-0.804549,-0.805883,-0.807345,-0.80893,-0.81063,-0.812436,-0.814333,-0.81631,-0.818352,-0.820443,-0.822569,-0.82472,-0.826879,-0.829032,-0.831159,-0.833249,-0.835297,-0.837302,-0.839251,-0.841125,-0.842918,-0.844642,-0.846299,-0.847875,-0.849362,-0.850767,-0.852094,-0.853339,-0.854504,-0.855591,-0.856601,-0.857529,-0.858377,-0.859148,-0.859844,-0.86046,-0.860997,-0.861457,-0.861838,-0.862141,-0.862365,-0.86251,-0.862577,-0.862569,-0.862484,-0.862319,-0.862077,-0.861759,-0.861366,-0.860896,-0.86035,-0.859734,-0.859046,-0.858288,-0.857463,-0.856574,-0.855623,-0.854614,-0.85355,-0.852434,-0.851272,-0.850067,-0.848825,-0.847549,-0.846246,-0.844919,-0.843573,-0.842209,-0.84083,-0.839433,-0.838013,-0.836563,-0.83507,-0.833515,-0.831881,-0.830145,-0.828288,-0.826301,-0.824192,-0.821996,-0.819783,-0.817658,-0.815755,-0.814213,-0.813142,-0.812589,-0.812513,-0.812801,-0.813313,-0.813313
-0.700633,-0.700627,-0.700522,-0.700508,-0.700593,-0.70079,-0.701124,-0.701608,-0.702242,-0.703025,-0.703958,-0.705037,-0.706257,-0.707611,-0.709097,-0.710709,-0.712437,-0.714268,-0.716192,-0.718195,-0.720261,-0.722377,-0.72453,-0.726704,-0.728883,-0.731049,-0.733187,-0.735292,-0.737359,-0.739376,-0.741323,-0.743194,-0.744996,-0.746732,-0.748387,-0.749954,-0.751438,-0.752841,-0.754163,-0.755404,-0.756567,-0.757651,-0.758654,-0.759574,-0.760419,-0.76119,-0.761879,-0.762489,-0.763024,-0.763483,-0.763862,-0.764162,-0.764384,-0.764528,-0.764595,-0.764588,-0.764502,-0.764336,-0.764096,-0.763781,-0.763388,-0.76292,-0.76238,-0.761769,-0.761085,-0.760331,-0.759512,-0.75863,-0.757686,-0.756684,-0.755626,-0.754517,-0.753361,-0.752162,-0.750924,-0.749652,-0.74835,-0.747023,-0.745674,-0.744304,-0.742913,-0.741497,-0.740051,-0.738566,-0.737027,-0.735415,-0.733711,-0.731892,-0.729942,-0.727854,-0.725645,-0.723355,-0.721064,-0.718885,-0.716955,-0.715411,-0.714356,-0.713827,-0.713773,-0.714071,-0.714583,-0.714583
-0.602088,-0.602082,-0.602,-0.601997,-0.602087,-0.602298,-0.602652,-0.603152,-0.6038,-0.6046,-0.605551,-0.606647,-0.607883,-0.609257,-0.610769,-0.612405,-0.614156,-0.616011,-0.617959,-0.619986,-0.622077,-0.624219,-0.626396,-0.62859,-0.630784,-0.632963,-0.635118,-0.637244,-0.639326,-0.641345,-0.643291,-0.645172,-0.646988,-0.648726,-0.650375,-0.65194,-0.653424,-0.654825,-0.656145,-0.657386,-0.658547,-0.659624,-0.660619,-0.661539,-0.662384,-0.663147,-0.663831,-0.66444,-0.664973,-0.665427,-0.665802,-0.6661,-0.666321,-0.666465,-0.666532,-0.666523,-0.666435,-0.666273,-0.666036,-0.66572,-0.665328,-0.664865,-0.66433,-0.66372,-0.663039,-0.662291,-0.661478,-0.660601,-0.659663,-0.658665,-0.657613,-0.656509,-0.655357,-0.654162,-0.652927,-0.651656,-0.650355,-0.649027,-0.647671,-0.646291,-0.644884,-0.643446,-0.64197,-0.640444,-0.638854,-0.637179,-0.635398,-0.63349,-0.631442,-0.629252,-0.626942,-0.624563,-0.622201,-0.619976,-0.618029,-0.616493,-0.615463,-0.614963,-0.614931,-0.615241,-0.615752,-0.615752
-0.503477,-0.503479,-0.50341,-0.503411,-0.503514,-0.503745,-0.504114,-0.504625,-0.505288,-0.506104,-0.507069,-0.508177,-0.509429,-0.510827,-0.512359,-0.514015,-0.515787,-0.517665,-0.519636,-0.521687,-0.523803,-0.525968,-0.528164,-0.530375,-0.532585,-0.534782,-0.536959,-0.539102,-0.541189,-0.543209,-0.545168,-0.547065,-0.548885,-0.550618,-0.552267,-0.553833,-0.555316,-0.556719,-0.558041,-0.55928,-0.560434,-0.561506,-0.562502,-0.563422,-0.56426,-0.565018,-0.565702,-0.566311,-0.56684,-0.56729,-0.567663,-0.567959,-0.56818,-0.568324,-0.568387,-0.568377,-0.568292,-0.568132,-0.567894,-0.567578,-0.567191,-0.56673,-0.566195,-0.565588,-0.564911,-0.564168,-0.563359,-0.562486,-0.561552,-0.560558,-0.55951,-0.558409,-0.557261,-0.556068,-0.554834,-0.553565,-0.552262,-0.550928,-0.549564,-0.54817,-0.546743,-0.545279,-0.543768,-0.542197,-0.540549,-0.538804,-0.53694,-0.53494,-0.53279,-0.530498,-0.528089,-0.525625,-0.5232,-0.52094,-0.518987,-0.517469,-0.516472,-0.516006,-0.515999,-0.516319,-0.516829,-0.516829
-0.404807,-0.404815,-0.404749,-0.404761,-0.404882,-0.405128,-0.405506,-0.40603,-0.406707,-0.407534,-0.408507,-0.409628,-0.410902,-0.412318,-0.413865,-0.415539,-0.417333,-0.419232,-0.421224,-0.423298,-0.425435,-0.427617,-0.429831,-0.432059,-0.434287,-0.436507,-0.438702,-0.440852,-0.442943,-0.444979,-0.446956,-0.44886,-0.450679,-0.452414,-0.454066,-0.455636,-0.457124,-0.45853,-0.45985,-0.461085,-0.462236,-0.46331,-0.464306,-0.46522,-0.466054,-0.466814,-0.467497,-0.468101,-0.468625,-0.469073,-0.469445,-0.469742,-0.469962,-0.470102,-0.470163,-0.470155,-0.470071,-0.46991,-0.469671,-0.469358,-0.468972,-0.468512,-0.467978,-0.467374,-0.466701,-0.465961,-0.465155,-0.464285,-0.463353,-0.462362,-0.461317,-0.460219,-0.459073,-0.457881,-0.456648,-0.455377,-0.45407,-0.452727,-0.451352,-0.449941,-0.448492,-0.446996,-0.445445,-0.443823,-0.442111,-0.44029,-0.438339,-0.436241,-0.433989,-0.431592,-0.429089,-0.426547,-0.42407,-0.421787,-0.419839,-0.41835,-0.417392,-0.416964,-0.416984,-0.417316,-0.417823,-0.417823
-0.306077,-0.306079,-0.306023,-0.306054,-0.30619,-0.306443,-0.306831,-0.307368,-0.308055,-0.308887,-0.309869,-0.31101,-0.312301,-0.313729,-0.31529,-0.316981,-0.318792,-0.320709,-0.322722,-0.324814,-0.326967,-0.329167,-0.331398,-0.333646,-0.335897,-0.338135,-0.340339,-0.342496,-0.344605,-0.346661,-0.348648,-0.350553,-0.352376,-0.354118,-0.355776,-0.357353,-0.358847,-0.360252,-0.36157,-0.362804,-0.363959,-0.365034,-0.366025,-0.366937,-0.367772,-0.368531,-0.36921,-0.369809,-0.370332,-0.370779,-0.371151,-0.371447,-0.371663,-0.371801,-0.371863,-0.371856,-0.37177,-0.371607,-0.37137,-0.371058,-0.370672,-0.370212,-0.36968,-0.369079,-0.368408,-0.36767,-0.366866,-0.365997,-0.365067,-0.364079,-0.363036,-0.36194,-0.360794,-0.359603,-0.358368,-0.357093,-0.355778,-0.354426,-0.353036,-0.351605,-0.350129,-0.348598,-0.347,-0.34532,-0.34354,-0.341638,-0.339594,-0.337395,-0.335038,-0.332541,-0.329949,-0.327339,-0.32482,-0.322527,-0.320598,-0.319147,-0.318236,-0.31785,-0.317897,-0.31824,-0.318744,-0.318744
-0.207281,-0.207276,-0.207239,-0.207288,-0.207432,-0.207694,-0.208094,-0.208639,-0.209327,-0.21017,-0.211172,-0.212326,-0.213622,-0.215058,-0.216633,-0.21834,-0.220165,-0.222099,-0.224128,-0.226233,-0.228403,-0.230621,-0.232872,-0.23514,-0.237409,-0.239658,-0.241872,-0.244048,-0.246178,-0.248245,-0.250236,-0.252148,-0.253981,-0.255732,-0.257401,-0.258985,-0.260479,-0.261885,-0.263205,-0.264444,-0.265599,-0.266672,-0.267663,-0.268576,-0.269411,-0.270166,-0.270841,-0.271439,-0.271962,-0.272409,-0.27278,-0.273072,-0.273285,-0.273422,-0.273486,-0.273477,-0.273389,-0.273226,-0.272989,-0.272677,-0.272291,-0.271832,-0.271302,-0.270702,-0.270032,-0.269295,-0.268491,-0.267624,-0.266696,-0.26571,-0.264668,-0.263572,-0.262425,-0.261232,-0.259993,-0.258711,-0.257388,-0.256024,-0.254616,-0.253162,-0.251653,-0.250081,-0.248432,-0.24669,-0.244834,-0.242845,-0.240705,-0.238402,-0.235941,-0.233348,-0.230675,-0.228007,-0.22546,-0.223171,-0.221273,-0.219871,-0.219014,-0.218673,-0.218749,-0.219102,-0.219601,-0.219601
-0.108419,-0.108414,-0.108399,-0.108459,-0.108612,-0.108885,-0.109291,-0.10984,-0.110541,-0.111398,-0.112409,-0.113565,-0.114864,-0.116311,-0.117899,-0.119617,-0.121455,-0.123401,-0.125441,-0.127561,-0.129748,-0.131984,-0.134253,-0.136538,-0.138818,-0.141078,-0.143312,-0.14551,-0.147653,-0.149726,-0.151727,-0.153651,-0.155496,-0.15726,-0.158938,-0.160525,-0.162022,-0.163433,-0.164758,-0.165999,-0.167156,-0.16823,-0.169223,-0.170135,-0.170967,-0.17172,-0.172395,-0.172993,-0.173516,-0.173962,-0.174329,-0.174617,-0.174829,-0.174968,-0.17503,-0.175018,-0.174929,-0.174766,-0.174529,-0.174217,-0.17383,-0.173371,-0.172842,-0.172242,-0.171573,-0.170835,-0.170033,-0.169167,-0.168241,-0.167254,-0.166211,-0.165113,-0.163966,-0.162769,-0.161525,-0.160235,-0.158901,-0.157521,-0.156092,-0.154608,-0.153063,-0.151445,-0.14974,-0.147929,-0.145993,-0.143912,-0.141672,-0.139265,-0.136704,-0.134019,-0.131274,-0.128562,-0.126003,-0.123732,-0.121878,-0.120536,-0.119738,-0.119445,-0.119549,-0.119912,-0.120405,-0.120405
-0.00949921,-0.00949891,-0.00950103,-0.00957081,-0.00973493,-0.0100156,-0.0104304,-0.0109877,-0.0116993,-0.0125638,-0.0135735,-0.0147289,-0.0160362,-0.0174925,-0.0190881,-0.0208135,-0.0226596,-0.0246152,-0.0266674,-0.0288026,-0.0310038,-0.0332548,-0.0355388,-0.0378355,-0.0401278,-0.0424073,-0.0446629,-0.0468747,-0.0490253,-0.0511103,-0.0531258,-0.0550649,-0.0569245,-0.0586989,-0.0603822,-0.0619746,-0.0634794,-0.0648968,-0.0662268,-0.0674716,-0.0686319,-0.0697074,-0.0707002,-0.071612,-0.0724437,-0.0731966,-0.073872,-0.0744701,-0.0749916,-0.0754349,-0.0757982,-0.0760849,-0.076298,-0.0764361,-0.0764952,-0.0764801,-0.0763912,-0.0762281,-0.0759896,-0.075676,-0.0752894,-0.0748313,-0.0743013,-0.0737004,-0.0730307,-0.0722941,-0.0714925,-0.0706272,-0.0696992,-0.0687109,-0.067666,-0.0665679,-0.0654175,-0.0642154,-0.0629637,-0.0616644,-0.0603162,-0.0589162,-0.0574616,-0.0559457,-0.0543593,-0.0526904,-0.0509225,-0.0490368,-0.0470148,-0.0448387,-0.0424965,-0.0399877,-0.0373294,-0.0345627,-0.0317582,-0.0290159,-0.0264597,-0.0242229,-0.0224264,-0.0211522,-0.0204196,-0.0201761,-0.0203094,-0.02068,-0.0211656,-0.0211656
0.0894695,0.0894662,0.0894509,0.0893703,0.0891957,0.0889051,0.0884832,0.0879148,0.087198,0.0863377,0.0853313,0.0841709,0.0828565,0.081396,0.0797979,0.0780686,0.0762154,0.0742505,0.0721877,0.070042,0.067829,0.0655652,0.0632708,0.0609634,0.0586533,0.0563525,0.0540824,0.0518625,0.049699,0.047597,0.0455651,0.0436101,0.0417383,0.039956,0.0382644,0.036662,0.0351487,0.0337243,0.0323868,0.0311365,0.0299748,0.0288984,0.0279034,0.0269898,0.0261568,0.0254032,0.0247281,0.0241302,0.0236107,0.0231716,0.02281,0.0225223,0.0223091,0.0221747,0.0221188,0.022134,0.0222233,0.0223884,0.0226288,0.022943,0.0233299,0.0237897,0.0243209,0.024922,0.0255917,0.0263283,0.0271309,0.0279984,0.0289289,0.029918,0.0309629,0.0320637,0.0332203,0.0344298,0.0356901,0.037002,0.0383683,0.039791,0.0412747,0.042828,0.0444603,0.0461863,0.0480232,0.0499884,0.0521002,0.0543744,0.0568185,0.0594267,0.0621752,0.0650133,0.0678635,0.0706195,0.073156,0.0753432,0.0770694,0.0782666,0.0789294,0.0791218,0.0789608,0.0785835,0.078107,0.078107
0.188483,0.188479,0.188451,0.188357,0.188172,0.187873,0.18744,0.186868,0.186157,0.185302,0.184293,0.183128,0.181813,0.180354,0.178756,0.177022,0.175164,0.173194,0.171125,0.168971,0.166748,0.164476,0.162174,0.159851,0.15752,0.155206,0.152928,0.150696,0.148514,0.146394,0.144346,0.142378,0.140495,0.138702,0.136999,0.135385,0.133862,0.132427,0.131083,0.12983,0.128666,0.127584,0.126585,0.125669,0.124835,0.124081,0.123405,0.122808,0.122293,0.121856,0.121493,0.121204,0.120995,0.120865,0.120808,0.120825,0.120916,0.121083,0.121325,0.121641,0.122029,0.12249,0.123022,0.123624,0.124295,0.125033,0.125838,0.126709,0.127639,0.128628,0.129677,0.130785,0.131948,0.133165,0.134437,0.135765,0.137152,0.138601,0.140119,0.141714,0.143398,0.145187,0.147098,0.149147,0.151353,0.153726,0.15627,0.158973,0.161802,0.164699,0.167579,0.170331,0.17283,0.174952,0.176596,0.177708,0.178298,0.178439,0.178251,0.177869,0.177403,0.177403
0.287536,0.287536,0.287492,0.287385,0.287188,0.286878,0.286442,0.285876,0.285171,0.284315,0.283304,0.282141,0.280831,0.279376,0.277777,0.276043,0.274184,0.272213,0.270139,0.267979,0.265753,0.263476,0.261161,0.25882,0.256478,0.254158,0.25187,0.249618,0.247418,0.245283,0.243221,0.24124,0.239344,0.237537,0.235821,0.234194,0.232658,0.231215,0.229867,0.228609,0.227436,0.226347,0.225345,0.224428,0.223592,0.222836,0.22216,0.221566,0.221052,0.220613,0.220249,0.219964,0.219759,0.219631,0.219574,0.219592,0.219686,0.219855,0.220099,0.220417,0.220807,0.221269,0.221803,0.222407,0.22308,0.223821,0.224629,0.225499,0.22643,0.227423,0.22848,0.229594,0.230763,0.231991,0.233279,0.234626,0.236037,0.237517,0.239072,0.240714,0.242457,0.244315,0.246303,0.248441,0.250742,0.253214,0.255854,0.258644,0.261542,0.264483,0.267374,0.270104,0.272548,0.274589,0.276139,0.27716,0.277674,0.277763,0.277551,0.277166,0.276712,0.276712
0.386627,0.386631,0.386567,0.386445,0.386236,0.385921,0.385491,0.384931,0.384226,0.383369,0.382362,0.381207,0.379905,0.378454,0.376857,0.375128,0.373273,0.3713,0.369225,0.367067,0.36484,0.362554,0.360224,0.357876,0.355533,0.353204,0.350896,0.348628,0.346414,0.344266,0.34219,0.340193,0.338282,0.336461,0.334729,0.333087,0.331541,0.330092,0.328736,0.327466,0.326284,0.325191,0.324186,0.323266,0.322427,0.321669,0.320995,0.320402,0.319885,0.319444,0.319083,0.318803,0.3186,0.318472,0.318416,0.318436,0.318532,0.318705,0.318952,0.31927,0.319662,0.320128,0.320664,0.32127,0.321945,0.322689,0.323498,0.324369,0.325305,0.326307,0.327368,0.328488,0.329668,0.330911,0.332216,0.333586,0.335025,0.336539,0.338138,0.339834,0.341639,0.34357,0.345642,0.34787,0.350267,0.352834,0.355565,0.358431,0.361385,0.364352,0.367236,0.369923,0.372293,0.374239,0.375686,0.37661,0.377047,0.377087,0.376852,0.376466,0.376026,0.376026
0.48575,0.485752,0.485668,0.485531,0.485314,0.485003,0.484578,0.484017,0.483312,0.482461,0.481464,0.48032,0.479025,0.47758,0.475994,0.474272,0.47242,0.470452,0.468385,0.46623,0.463997,0.461703,0.459371,0.457025,0.454675,0.45233,0.450008,0.447729,0.445504,0.443341,0.441248,0.439236,0.437311,0.435472,0.433722,0.432069,0.430515,0.429055,0.427684,0.426403,0.425215,0.424118,0.423108,0.422182,0.421339,0.420581,0.419907,0.41931,0.418791,0.418353,0.417997,0.417718,0.417515,0.417388,0.417334,0.417357,0.417458,0.417633,0.41788,0.418201,0.418597,0.419065,0.419603,0.420211,0.420891,0.421636,0.422445,0.423323,0.424268,0.425274,0.42634,0.42747,0.428666,0.429925,0.43125,0.432646,0.434117,0.435672,0.437319,0.439074,0.440947,0.442956,0.445113,0.447433,0.449924,0.452584,0.455395,0.458326,0.461318,0.464291,0.467148,0.469772,0.472051,0.473888,0.475223,0.476047,0.476407,0.4764,0.476144,0.47576,0.475336,0.475336
0.584891,0.584892,0.584789,0.584638,0.584421,0.584113,0.583687,0.583126,0.582427,0.581588,0.580604,0.579471,0.578186,0.576754,0.575179,0.573465,0.571623,0.569668,0.56761,0.565454,0.563219,0.560929,0.558605,0.556256,0.553894,0.551539,0.549211,0.546923,0.544683,0.542503,0.540396,0.538371,0.536426,0.534568,0.532807,0.531145,0.529577,0.528099,0.526713,0.525425,0.524231,0.523127,0.522108,0.521175,0.520331,0.519572,0.518893,0.518293,0.517777,0.517342,0.516987,0.516708,0.516505,0.516379,0.516328,0.516356,0.51646,0.516635,0.516885,0.517211,0.517609,0.518078,0.51862,0.519233,0.519914,0.520661,0.521477,0.522363,0.523312,0.524323,0.525401,0.526546,0.527757,0.529034,0.530384,0.53181,0.533318,0.534918,0.53662,0.538438,0.540384,0.542472,0.544716,0.547129,0.549711,0.552454,0.555336,0.558314,0.561326,0.564286,0.567093,0.569634,0.571805,0.573522,0.574739,0.575461,0.575746,0.575693,0.575421,0.57504,0.574633,0.574633
0.684045,0.684044,0.683921,0.683764,0.683548,0.683238,0.682809,0.682253,0.681567,0.680742,0.679772,0.67865,0.67738,0.675963,0.674402,0.672703,0.67088,0.668939,0.666885,0.664735,0.662512,0.660233,0.657911,0.655556,0.653191,0.650834,0.648501,0.646201,0.643946,0.641754,0.639636,0.637592,0.635628,0.633758,0.631986,0.630307,0.628718,0.627224,0.625831,0.624536,0.62333,0.622213,0.621187,0.620251,0.619403,0.618639,0.617956,0.617357,0.616842,0.616407,0.616051,0.61577,0.615569,0.615447,0.615402,0.615432,0.615536,0.615714,0.615968,0.616297,0.616697,0.617171,0.617717,0.618333,0.619016,0.619769,0.620594,0.621485,0.622439,0.623462,0.624554,0.625713,0.626941,0.628242,0.629621,0.631081,0.632631,0.634282,0.636044,0.637929,0.63995,0.64212,0.644454,0.646956,0.649622,0.652437,0.655375,0.658383,0.661394,0.664318,0.667053,0.669493,0.671542,0.673128,0.674222,0.674841,0.675053,0.674958,0.674673,0.674298,0.673909,0.673909
0.783203,0.783198,0.783061,0.782902,0.782682,0.782365,0.781938,0.781396,0.780725,0.779914,0.778956,0.777852,0.776601,0.775201,0.773659,0.771985,0.77018,0.76825,0.766208,0.764077,0.761871,0.7596,0.75728,0.75493,0.752569,0.750211,0.74787,0.745559,0.743297,0.741097,0.738962,0.736899,0.734925,0.733043,0.731252,0.72955,0.727946,0.726443,0.72504,0.723728,0.722508,0.721382,0.72035,0.719409,0.718554,0.717784,0.717099,0.716501,0.715985,0.715547,0.715187,0.714909,0.714711,0.714595,0.714552,0.714582,0.714687,0.714869,0.715128,0.715459,0.715865,0.716344,0.716892,0.717511,0.7182,0.718963,0.719793,0.720689,0.721655,0.722692,0.723798,0.724974,0.726225,0.727554,0.728964,0.730464,0.732062,0.733768,0.735592,0.737547,0.739646,0.741902,0.744323,0.746907,0.749647,0.752523,0.755499,0.758518,0.761505,0.76437,0.767012,0.769333,0.771246,0.772694,0.773661,0.774179,0.774322,0.774191,0.773894,0.773528,0.773158,0.773158
0.882355,0.882348,0.882204,0.882037,0.881806,0.881489,0.881075,0.880547,0.879888,0.879091,0.878152,0.877068,0.875837,0.874462,0.872948,0.871297,0.869509,0.867598,0.865581,0.863473,0.861282,0.859024,0.856715,0.854375,0.852018,0.84966,0.847315,0.845002,0.842736,0.840523,0.838371,0.8363,0.834314,0.832413,0.830601,0.828884,0.827269,0.825753,0.824331,0.823002,0.82177,0.820638,0.819599,0.818648,0.817785,0.817011,0.816325,0.815723,0.815201,0.81476,0.814403,0.814129,0.813935,0.813819,0.813775,0.813807,0.813916,0.814103,0.814365,0.814702,0.815112,0.815593,0.816146,0.816772,0.81747,0.818239,0.819075,0.819984,0.820964,0.822013,0.823135,0.824334,0.825612,0.826971,0.828419,0.829964,0.831613,0.833378,0.835268,0.837297,0.839477,0.841817,0.844316,0.846974,0.849778,0.852699,0.855693,0.8587,0.861641,0.864424,0.866954,0.869138,0.870903,0.872207,0.873049,0.873469,0.873547,0.873383,0.873079,0.872724,0.872374,0.872374
0.981492,0.981493,0.981336,0.981154,0.980917,0.980609,0.980209,0.979691,0.979046,0.978267,0.97735,0.976288,0.975084,0.97374,0.972254,0.970624,0.968862,0.966982,0.964995,0.962909,0.96074,0.958501,0.95621,0.953882,0.951532,0.949178,0.946837,0.944526,0.942252,0.940029,0.937872,0.93579,0.933787,0.931868,0.930042,0.928313,0.926683,0.925147,0.923706,0.922365,0.921126,0.919982,0.918929,0.917969,0.9171,0.916321,0.915629,0.91502,0.914494,0.914056,0.913702,0.913429,0.913234,0.913117,0.913074,0.913109,0.913225,0.913416,0.913685,0.914025,0.914437,0.914923,0.915484,0.916118,0.916824,0.9176,0.918449,0.91937,0.920362,0.921429,0.922574,0.923799,0.925105,0.926499,0.92799,0.929583,0.931288,0.933115,0.935076,0.937181,0.93944,0.941855,0.944428,0.947151,0.950002,0.952949,0.955941,0.958912,0.961782,0.964461,0.966859,0.968892,0.970502,0.97166,0.972376,0.972703,0.972722,0.97253,0.972224,0.97188,0.971551,0.971551
1.08061,1.08062,1.08044,1.08025,1.08001,1.07972,1.07932,1.07882,1.07819,1.07743,1.07654,1.07551,1.07434,1.07302,1.07156,1.06996,1.06824,1.06639,1.06444,1.06238,1.06024,1.05802,1.05575,1.05344,1.05111,1.04877,1.04643,1.04412,1.04185,1.03962,1.03746,1.03536,1.03335,1.03141,1.02958,1.02783,1.02618,1.02463,1.02317,1.02182,1.02057,1.01941,1.01835,1.01738,1.0165,1.01571,1.01501,1.0144,1.01387,1.01344,1.01308,1.01281,1.01261,1.01249,1.01245,1.0125,1.01262,1.01281,1.01308,1.01342,1.01384,1.01434,1.01491,1.01555,1.01626,1.01705,1.01791,1.01885,1.01986,1.02095,1.02212,1.02337,1.02471,1.02615,1.02768,1.02933,1.03109,1.03299,1.03502,1.0372,1.03953,1.04202,1.04465,1.04742,1.05031,1.05326,1.05622,1.05913,1.06191,1.06446,1.06671,1.06858,1.07003,1.07104,1.07164,1.07188,1.07184,1.07163,1.07132,1.07099,1.07069,1.07069
1.17971,1.17972,1.17951,1.17932,1.17909,1.1788,1.17841,1.17792,1.17732,1.17658,1.17572,1.17472,1.17358,1.1723,1.17087,1.16931,1.16763,1.16582,1.1639,1.16188,1.15977,1.15759,1.15534,1.15305,1.15074,1.14842,1.14609,1.14379,1.14152,1.13929,1.13712,1.13502,1.13299,1.13105,1.1292,1.12744,1.12577,1.1242,1.12274,1.12137,1.1201,1.11893,1.11785,1.11687,1.11598,1.11519,1.11448,1.11387,1.11334,1.1129,1.11254,1.11226,1.11207,1.11195,1.11192,1.11197,1.11209,1.11229,1.11256,1.11291,1.11334,1.11384,1.11442,1.11507,1.1158,1.1166,1.11747,1.11843,1.11946,1.12058,1.12177,1.12306,1.12443,1.12591,1.1275,1.1292,1.13103,1.13299,1.13509,1.13734,1.13974,1.14229,1.14497,1.14778,1.15067,1.1536,1.15652,1.15935,1.162,1.16441,1.1665,1.1682,1.16948,1.17035,1.17083,1.17099,1.17091,1.17068,1.17037,1.17006,1.16977,1.16977
1.27877,1.27877,1.27855,1.27836,1.27813,1.27784,1.27747,1.277,1.27641,1.2757,1.27487,1.27391,1.2728,1.27155,1.27017,1.26866,1.26702,1.26526,1.26338,1.2614,1.25933,1.25718,1.25497,1.25271,1.25042,1.24812,1.24581,1.24352,1.24126,1.23904,1.23687,1.23476,1.23273,1.23078,1.22891,1.22713,1.22545,1.22387,1.22239,1.221,1.21972,1.21854,1.21745,1.21645,1.21555,1.21475,1.21404,1.21342,1.21289,1.21244,1.21208,1.2118,1.21161,1.2115,1.21147,1.21152,1.21165,1.21185,1.21213,1.21249,1.21293,1.21344,1.21402,1.21469,1.21543,1.21624,1.21714,1.21811,1.21917,1.22031,1.22154,1.22286,1.22428,1.22581,1.22745,1.22921,1.2311,1.23312,1.23529,1.23761,1.24006,1.24266,1.24538,1.2482,1.25108,1.25397,1.25681,1.25953,1.26204,1.26429,1.2662,1.26773,1.26885,1.26957,1.26995,1.27003,1.26991,1.26967,1.26937,1.26908,1.26881,1.26881
1.37777,1.37777,1.37756,1.37735,1.37713,1.37685,1.37649,1.37603,1.37547,1.37479,1.37399,1.37306,1.37199,1.37079,1.36946,1.36799,1.3664,1.36469,1.36286,1.36092,1.3589,1.35679,1.35463,1.3524,1.35015,1.34787,1.34559,1.34332,1.34106,1.33885,1.33668,1.33458,1.33254,1.33058,1.32871,1.32692,1.32523,1.32363,1.32213,1.32073,1.31944,1.31824,1.31713,1.31613,1.31522,1.31442,1.3137,1.31307,1.31253,1.31208,1.31171,1.31143,1.31124,1.31114,1.31111,1.31116,1.31129,1.3115,1.31179,1.31216,1.3126,1.31313,1.31373,1.3144,1.31516,1.31599,1.31691,1.31791,1.319,1.32017,1.32143,1.3228,1.32426,1.32584,1.32753,1.32935,1.3313,1.33339,1.33562,1.33799,1.34049,1.34312,1.34586,1.34867,1.35151,1.35433,1.35707,1.35965,1.36201,1.36409,1.36581,1.36716,1.36812,1.36871,1.36899,1.36901,1.36886,1.36861,1.36832,1.36804,1.3678,1.3678
1.47672,1.47672,1.4765,1.47629,1.47607,1.4758,1.47545,1.47502,1.47448,1.47384,1.47307,1.47218,1.47115,1.47,1.46872,1.46731,1.46577,1.4641,1.46233,1.46045,1.45848,1.45642,1.4543,1.45212,1.4499,1.44766,1.44541,1.44316,1.44093,1.43873,1.43657,1.43447,1.43244,1.43047,1.42859,1.4268,1.42509,1.42348,1.42197,1.42056,1.41925,1.41803,1.41692,1.41591,1.41499,1.41417,1.41344,1.4128,1.41226,1.4118,1.41144,1.41116,1.41097,1.41087,1.41084,1.41089,1.41103,1.41125,1.41155,1.41193,1.41238,1.41292,1.41353,1.41422,1.415,1.41586,1.4168,1.41783,1.41894,1.42015,1.42145,1.42286,1.42437,1.426,1.42775,1.42963,1.43163,1.43378,1.43606,1.43847,1.44101,1.44365,1.44638,1.44916,1.45194,1.45467,1.45728,1.45971,1.4619,1.46378,1.46532,1.46649,1.4673,1.46777,1.46795,1.46792,1.46775,1.46749,1.46721,1.46695,1.46673,1.46673
1.57562,1.57562,1.57538,1.57518,1.57495,1.57469,1.57436,1.57395,1.57344,1.57283,1.5721,1.57125,1.57027,1.56917,1.56794,1.56659,1.5651,1.5635,1.56179,1.55997,1.55805,1.55606,1.55399,1.55186,1.54969,1.54749,1.54527,1.54305,1.54085,1.53867,1.53653,1.53444,1.53241,1.53045,1.52856,1.52676,1.52505,1.52343,1.52191,1.52048,1.51915,1.51793,1.5168,1.51578,1.51485,1.51402,1.51328,1.51264,1.51209,1.51163,1.51127,1.51099,1.5108,1.51069,1.51067,1.51073,1.51088,1.51111,1.51141,1.5118,1.51227,1.51282,1.51345,1.51416,1.51496,1.51585,1.51681,1.51787,1.51901,1.52026,1.52161,1.52306,1.52462,1.5263,1.52811,1.53003,1.53209,1.53428,1.5366,1.53905,1.5416,1.54424,1.54693,1.54965,1.55234,1.55495,1.55742,1.55968,1.56168,1.56337,1.56472,1.56572,1.56638,1.56674,1.56684,1.56677,1.56657,1.56632,1.56606,1.56582,1.56562,1.56562
1.67444,1.67444,1.6742,1.67399,1.67377,1.67352,1.67322,1.67282,1.67234,1.67176,1.67107,1.67027,1.66934,1.66829,1.66712,1.66583,1.66441,1.66287,1.66122,1.65947,1.65762,1.65569,1.65368,1.65161,1.64949,1.64734,1.64516,1.64298,1.64081,1.63866,1.63654,1.63447,1.63245,1.63049,1.62861,1.6268,1.62509,1.62346,1.62193,1.6205,1.61916,1.61792,1.61679,1.61575,1.61481,1.61397,1.61322,1.61258,1.61202,1.61156,1.6112,1.61092,1.61072,1.61062,1.61061,1.61068,1.61083,1.61106,1.61138,1.61178,1.61227,1.61283,1.61348,1.61422,1.61505,1.61595,1.61695,1.61804,1.61923,1.62051,1.6219,1.6234,1.62501,1.62674,1.62859,1.63057,1.63267,1.63489,1.63724,1.63969,1.64224,1.64484,1.64749,1.65012,1.65269,1.65516,1.65746,1.65954,1.66135,1.66284,1.66401,1.66484,1.66537,1.66562,1.66566,1.66555,1.66534,1.66509,1.66485,1.66462,1.66445,1.66445
1.7732,1.7732,1.77295,1.77274,1.77253,1.77229,1.772,1.77163,1.77118,1.77063,1.76998,1.76922,1.76835,1.76736,1.76625,1.76502,1.76367,1.7622,1.76062,1.75894,1.75716,1.7553,1.75336,1.75135,1.74929,1.7472,1.74507,1.74294,1.74081,1.73869,1.7366,1.73455,1.73255,1.73061,1.72873,1.72693,1.72522,1.72359,1.72205,1.72061,1.71926,1.71802,1.71687,1.71582,1.71487,1.71403,1.71328,1.71262,1.71206,1.7116,1.71123,1.71095,1.71076,1.71066,1.71065,1.71073,1.71089,1.71113,1.71147,1.71188,1.71238,1.71297,1.71365,1.71441,1.71526,1.71619,1.71722,1.71835,1.71957,1.7209,1.72233,1.72387,1.72553,1.72731,1.7292,1.73121,1.73334,1.73559,1.73795,1.74039,1.7429,1.74545,1.74801,1.75054,1.75298,1.75528,1.7574,1.75928,1.76089,1.76219,1.76318,1.76386,1.76426,1.76443,1.76441,1.76427,1.76406,1.76382,1.76358,1.76338,1.76322,1.76322
1.87188,1.87187,1.87162,1.87142,1.87122,1.87098,1.8707,1.87036,1.86994,1.86943,1.86882,1.86811,1.86729,1.86636,1.86532,1.86415,1.86287,1.86148,1.85998,1.85838,1.85667,1.85489,1.85302,1.85109,1.84909,1.84706,1.845,1.84292,1.84083,1.83876,1.83671,1.83469,1.8327,1.83078,1.82892,1.82713,1.82542,1.8238,1.82225,1.82081,1.81946,1.81821,1.81705,1.81599,1.81504,1.81419,1.81343,1.81277,1.81221,1.81174,1.81137,1.81109,1.81091,1.81082,1.81081,1.81089,1.81106,1.81133,1.81168,1.81211,1.81263,1.81324,1.81394,1.81472,1.8156,1.81657,1.81763,1.8188,1.82006,1.82143,1.8229,1.82449,1.82618,1.82799,1.82992,1.83196,1.83411,1.83636,1.8387,1.84111,1.84357,1.84604,1.84849,1.85088,1.85317,1.85529,1.85722,1.8589,1.8603,1.86142,1.86223,1.86277,1.86307,1.86316,1.86309,1.86293,1.86272,1.86249,1.86227,1.86209,1.86195,1.86195
1.97047,1.97047,1.97022,1.97002,1.96982,1.9696,1.96934,1.96903,1.96863,1.96816,1.96759,1.96693,1.96617,1.9653,1.96432,1.96323,1.96202,1.96071,1.95929,1.95776,1.95615,1.95444,1.95265,1.9508,1.94888,1.94692,1.94492,1.9429,1.94088,1.93885,1.93684,1.93485,1.93291,1.93101,1.92917,1.9274,1.9257,1.92408,1.92255,1.9211,1.91975,1.91849,1.91733,1.91628,1.91532,1.91446,1.91369,1.91303,1.91247,1.912,1.91163,1.91136,1.91118,1.91109,1.91109,1.91118,1.91137,1.91165,1.91201,1.91246,1.913,1.91364,1.91436,1.91518,1.91608,1.91709,1.91819,1.91939,1.92069,1.92209,1.9236,1.92523,1.92695,1.92879,1.93074,1.93279,1.93494,1.93718,1.93948,1.94183,1.94421,1.94658,1.9489,1.95114,1.95324,1.95518,1.9569,1.95837,1.95958,1.96052,1.96118,1.96159,1.96179,1.96181,1.96172,1.96154,1.96133,1.96111,1.96091,1.96075,1.96062,1.96062
2.06899,2.06899,2.06875,2.06854,2.06834,2.06814,2.06791,2.06761,2.06724,2.06681,2.06628,2.06567,2.06496,2.06416,2.06325,2.06223,2.0611,2.05987,2.05853,2.0571,2.05557,2.05395,2.05225,2.05047,2.04864,2.04675,2.04483,2.04289,2.04092,2.03895,2.03699,2.03505,2.03314,2.03128,2.02947,2.02772,2.02604,2.02444,2.02291,2.02148,2.02012,2.01886,2.01771,2.01666,2.01569,2.01483,2.01407,2.01341,2.01284,2.01238,2.01201,2.01174,2.01156,2.01148,2.01149,2.0116,2.0118,2.01209,2.01247,2.01295,2.01351,2.01417,2.01492,2.01577,2.01671,2.01774,2.01888,2.02011,2.02145,2.02289,2.02443,2.02608,2.02783,2.02969,2.03164,2.03369,2.03581,2.03801,2.04025,2.04253,2.0448,2.04704,2.04921,2.05127,2.05319,2.05492,2.05643,2.05771,2.05873,2.05949,2.06001,2.06031,2.06043,2.0604,2.06028,2.0601,2.05989,2.05969,2.05951,2.05936,2.05925,2.05925
2.16743,2.16743,2.16719,2.16698,2.1668,2.16661,2.16639,2.16611,2.16578,2.16538,2.1649,2.16434,2.16368,2.16294,2.1621,2.16116,2.16011,2.15896,2.15772,2.15637,2.15493,2.1534,2.15179,2.15011,2.14836,2.14656,2.14472,2.14285,2.14095,2.13905,2.13715,2.13526,2.13341,2.13159,2.12981,2.12809,2.12644,2.12485,2.12334,2.12191,2.12057,2.11933,2.11818,2.11712,2.11616,2.1153,2.11455,2.11389,2.11332,2.11286,2.1125,2.11223,2.11206,2.112,2.11202,2.11214,2.11235,2.11266,2.11307,2.11357,2.11416,2.11484,2.11562,2.1165,2.11747,2.11854,2.11971,2.12097,2.12234,2.1238,2.12537,2.12703,2.1288,2.13065,2.1326,2.13462,2.1367,2.13883,2.14099,2.14316,2.14531,2.14739,2.14939,2.15127,2.15299,2.15451,2.15582,2.1569,2.15774,2.15835,2.15874,2.15894,2.159,2.15893,2.15879,2.15861,2.15841,2.15822,2.15806,2.15792,2.15783,2.15783
2.26579,2.26579,2.26554,2.26535,2.26518,2.265,2.26479,2.26454,2.26423,2.26387,2.26343,2.26292,2.26233,2.26165,2.26087,2.26,2.25904,2.25798,2.25682,2.25557,2.25422,2.25279,2.25128,2.24969,2.24803,2.24633,2.24457,2.24278,2.24096,2.23913,2.2373,2.23548,2.23368,2.2319,2.23018,2.22849,2.22687,2.22531,2.22383,2.22242,2.2211,2.21987,2.21873,2.21767,2.21672,2.21588,2.21512,2.21447,2.21391,2.21346,2.2131,2.21284,2.21269,2.21263,2.21267,2.2128,2.21303,2.21337,2.21379,2.21432,2.21493,2.21565,2.21646,2.21736,2.21836,2.21946,2.22065,2.22195,2.22333,2.22482,2.2264,2.22807,2.22983,2.23167,2.23358,2.23555,2.23757,2.23962,2.24167,2.24371,2.24571,2.24763,2.24944,2.25112,2.25263,2.25395,2.25506,2.25595,2.25663,2.2571,2.25738,2.2575,2.2575,2.25741,2.25725,2.25707,2.25689,2.25671,2.25656,2.25645,2.25637,2.25637
2.36407,2.36407,2.36383,2.36365,2.36349,2.36331,2.36312,2.36289,2.36262,2.36228,2.36189,2.36142,2.36089,2.36027,2.35956,2.35877,2.35789,2.35692,2.35585,2.35469,2.35345,2.35211,2.35069,2.3492,2.34765,2.34604,2.34437,2.34267,2.34093,2.33918,2.33743,2.33568,2.33394,2.33223,2.33055,2.32891,2.32733,2.32581,2.32435,2.32298,2.32168,2.32047,2.31933,2.3183,2.31737,2.31653,2.31578,2.31514,2.3146,2.31415,2.31381,2.31357,2.31343,2.31338,2.31343,2.31358,2.31384,2.31419,2.31464,2.31519,2.31583,2.31657,2.31741,2.31834,2.31937,2.32049,2.32171,2.32302,2.32443,2.32592,2.3275,2.32916,2.3309,2.3327,2.33456,2.33646,2.3384,2.34034,2.34227,2.34416,2.34598,2.34772,2.34934,2.35081,2.35211,2.35323,2.35415,2.35487,2.35539,2.35574,2.35593,2.35599,2.35594,2.35583,2.35567,2.3555,2.35533,2.35517,2.35503,2.35493,2.35486,2.35486
2.46228,2.46227,2.46206,2.46188,2.46172,2.46156,2.46138,2.46117,2.46092,2.46062,2.46026,2.45985,2.45937,2.45881,2.45817,2.45746,2.45666,2.45577,2.45479,2.45373,2.45259,2.45134,2.45003,2.44865,2.44719,2.44567,2.44411,2.4425,2.44086,2.4392,2.43752,2.43585,2.43418,2.43253,2.43091,2.42933,2.4278,2.42632,2.42491,2.42357,2.42229,2.4211,2.42,2.41899,2.41808,2.41725,2.41652,2.4159,2.41537,2.41494,2.41461,2.41439,2.41426,2.41423,2.4143,2.41448,2.41475,2.41513,2.41561,2.41618,2.41684,2.41761,2.41847,2.41943,2.42048,2.42162,2.42286,2.42418,2.42558,2.42707,2.42864,2.43027,2.43197,2.43372,2.43551,2.43732,2.43915,2.44096,2.44274,2.44446,2.44611,2.44765,2.44906,2.45033,2.45143,2.45235,2.4531,2.45366,2.45405,2.45429,2.4544,2.4544,2.45433,2.45421,2.45405,2.45389,2.45373,2.45359,2.45347,2.45338,2.45332,2.45332
2.56041,2.56041,2.56021,2.56004,2.55988,2.55973,2.55957,2.55939,2.55916,2.55889,2.55858,2.55821,2.55777,2.55727,2.55671,2.55606,2.55534,2.55454,2.55366,2.55269,2.55163,2.5505,2.54929,2.54801,2.54665,2.54524,2.54378,2.54227,2.54072,2.53915,2.53756,2.53597,2.53438,2.53281,2.53126,2.52973,2.52826,2.52684,2.52547,2.52416,2.52293,2.52178,2.52071,2.51972,2.51883,2.51803,2.51733,2.51672,2.51621,2.5158,2.5155,2.51529,2.51518,2.51517,2.51526,2.51546,2.51576,2.51616,2.51666,2.51725,2.51795,2.51874,2.51963,2.5206,2.52167,2.52282,2.52406,2.52539,2.52678,2.52825,2.52979,2.53138,2.53302,2.53469,2.53639,2.5381,2.53979,2.54146,2.54307,2.54462,2.54607,2.54741,2.54862,2.54969,2.55059,2.55133,2.55191,2.55233,2.55261,2.55276,2.5528,2.55277,2.55267,2.55254,2.55239,2.55224,2.5521,2.55197,2.55187,2.55179,2.55174,2.55174
2.65849,2.6585,2.6583,2.65813,2.65799,2.65786,2.65771,2.65753,2.65733,2.65709,2.65682,2.65648,2.6561,2.65566,2.65516,2.65458,2.65394,2.65322,2.65243,2.65155,2.65059,2.64956,2.64845,2.64727,2.64603,2.64472,2.64336,2.64195,2.64051,2.63903,2.63754,2.63603,2.63453,2.63303,2.63155,2.6301,2.62869,2.62733,2.62601,2.62476,2.62357,2.62246,2.62142,2.62048,2.61962,2.61884,2.61817,2.61758,2.6171,2.61672,2.61644,2.61625,2.61617,2.61618,2.6163,2.61652,2.61684,2.61727,2.61779,2.61841,2.61913,2.61994,2.62084,2.62183,2.62291,2.62407,2.62531,2.62661,2.62799,2.62943,2.63092,2.63245,2.63401,2.63559,2.63719,2.63876,2.64031,2.64181,2.64325,2.64461,2.64586,2.647,2.64801,2.64888,2.64959,2.65017,2.6506,2.6509,2.65107,2.65115,2.65115,2.65108,2.65098,2.65085,2.65071,2.65057,2.65044,2.65033,2.65024,2.65017,2.65013,2.65013
2.75652,2.75652,2.75633,2.75618,2.75605,2.75592,2.75578,2.75562,2.75544,2.75524,2.75498,2.75469,2.75436,2.75397,2.75353,2.75302,2.75245,2.75182,2.7511,2.75032,2.74946,2.74853,2.74752,2.74645,2.74531,2.74411,2.74285,2.74155,2.7402,2.73883,2.73743,2.73602,2.7346,2.73319,2.73179,2.73042,2.72907,2.72777,2.72652,2.72532,2.72419,2.72312,2.72213,2.72123,2.7204,2.71967,2.71902,2.71847,2.71803,2.71767,2.71741,2.71725,2.7172,2.71724,2.71738,2.71762,2.71797,2.71842,2.71897,2.71961,2.72035,2.72118,2.72209,2.72309,2.72417,2.72533,2.72654,2.72783,2.72917,2.73056,2.73199,2.73344,2.73492,2.73639,2.73785,2.73928,2.74067,2.742,2.74326,2.74442,2.74547,2.74641,2.74723,2.7479,2.74846,2.74888,2.74918,2.74937,2.74946,2.74948,2.74944,2.74935,2.74924,2.74912,2.74899,2.74887,2.74875,2.74866,2.74858,2.74852,2.74849,2.74849
2.85449,2.85449,2.85432,2.85418,2.85406,2.85394,2.85381,2.85367,2.85351,2.85332,2.8531,2.85284,2.85255,2.85222,2.85183,2.85138,2.85089,2.85032,2.84969,2.849,2.84823,2.8474,2.84649,2.84552,2.84449,2.84339,2.84224,2.84104,2.8398,2.83853,2.83723,2.83591,2.83459,2.83326,2.83195,2.83066,2.82939,2.82816,2.82697,2.82583,2.82476,2.82375,2.82281,2.82195,2.82117,2.82047,2.81987,2.81936,2.81894,2.81862,2.8184,2.81827,2.81824,2.81831,2.81848,2.81875,2.81912,2.8196,2.82017,2.82083,2.82158,2.82242,2.82334,2.82435,2.82542,2.82655,2.82775,2.829,2.83029,2.83162,2.83297,2.83433,2.8357,2.83705,2.83836,2.83964,2.84086,2.84201,2.84308,2.84404,2.8449,2.84565,2.84628,2.84679,2.84719,2.84747,2.84766,2.84775,2.84779,2.84776,2.84769,2.84759,2.84748,2.84737,2.84725,2.84714,2.84705,2.84696,2.8469,2.84685,2.84683,2.84683
2.95242,2.95242,2.95227,2.95215,2.95203,2.95192,2.9518,2.95167,2.95152,2.95136,2.95116,2.95094,2.95069,2.95039,2.95006,2.94968,2.94924,2.94875,2.9482,2.94759,2.94691,2.94617,2.94536,2.94449,2.94356,2.94257,2.94152,2.94043,2.93929,2.93812,2.93692,2.9357,2.93447,2.93324,2.93201,2.9308,2.92962,2.92846,2.92734,2.92627,2.92526,2.92431,2.92343,2.92262,2.92188,2.92124,2.92068,2.92021,2.91983,2.91955,2.91936,2.91927,2.91927,2.91936,2.91956,2.91987,2.92027,2.92076,2.92135,2.92203,2.92279,2.92364,2.92456,2.92556,2.92661,2.92772,2.92888,2.93009,2.93132,2.93257,2.93383,2.93509,2.93633,2.93754,2.93871,2.93983,2.94087,2.94184,2.94271,2.94349,2.94416,2.94473,2.94519,2.94554,2.94579,2.94596,2.94605,2.94608,2.94606,2.94599,2.9459,2.94581,2.9457,2.94559,2.94549,2.9454,2.94532,2.94525,2.94519,2.94516,2.94514,2.94514
3.05032,3.05032,3.05019,3.05008,3.04997,3.04986,3.04976,3.04964,3.0495,3.04935,3.04919,3.049,3.04877,3.04852,3.04823,3.0479,3.04752,3.0471,3.04662,3.04609,3.0455,3.04485,3.04413,3.04336,3.04252,3.04163,3.04069,3.0397,3.03866,3.03759,3.03649,3.03537,3.03424,3.0331,3.03196,3.03084,3.02973,3.02865,3.02761,3.02662,3.02567,3.02478,3.02396,3.0232,3.02253,3.02193,3.02142,3.02099,3.02066,3.02042,3.02027,3.02021,3.02024,3.02037,3.0206,3.02094,3.02136,3.02188,3.02248,3.02317,3.02395,3.0248,3.02571,3.02669,3.02772,3.0288,3.02991,3.03106,3.03222,3.03338,3.03454,3.03568,3.03679,3.03786,3.03887,3.03982,3.04069,3.04147,3.04216,3.04276,3.04325,3.04365,3.04396,3.04417,3.0443,3.04437,3.04438,3.04435,3.04428,3.04419,3.0441,3.044,3.0439,3.0438,3.04371,3.04364,3.04357,3.04352,3.04347,3.04345,3.04343,3.04343
3.1482,3.1482,3.14808,3.14798,3.14788,3.14778,3.14769,3.14758,3.14745,3.14732,3.14718,3.14701,3.14681,3.14659,3.14635,3.14607,3.14574,3.14538,3.14497,3.14451,3.14399,3.14342,3.1428,3.14211,3.14137,3.14058,3.13973,3.13884,3.13791,3.13694,3.13594,3.13492,3.13388,3.13283,3.13179,3.13075,3.12972,3.12873,3.12777,3.12684,3.12596,3.12515,3.12438,3.12369,3.12307,3.12253,3.12206,3.12169,3.1214,3.1212,3.12109,3.12107,3.12114,3.1213,3.12157,3.12192,3.12237,3.12291,3.12353,3.12423,3.125,3.12585,3.12675,3.1277,3.1287,3.12974,3.1308,3.13188,3.13295,3.13402,3.13507,3.13609,3.13706,3.13798,3.13884,3.13962,3.14031,3.14092,3.14144,3.14186,3.14219,3.14244,3.1426,3.14269,3.14273,3.14271,3.14265,3.14257,3.14247,3.14237,3.14227,3.14217,3.14208,3.142,3.14192,3.14186,3.14181,3.14177,3.14174,3.14172,3.14171,3.14171
3.24605,3.24605,3.24596,3.24586,3.24578,3.24569,3.2456,3.24549,3.24538,3.24527,3.24514,3.24499,3.24482,3.24463,3.24442,3.24418,3.24391,3.2436,3.24324,3.24285,3.2424,3.24191,3.24136,3.24077,3.24011,3.23941,3.23866,3.23787,3.23703,3.23616,3.23525,3.23432,3.23338,3.23243,3.23147,3.23052,3.22958,3.22867,3.22778,3.22693,3.22613,3.22537,3.22468,3.22404,3.22348,3.22299,3.22258,3.22226,3.22202,3.22186,3.22179,3.22181,3.22192,3.22212,3.22241,3.22279,3.22326,3.22382,3.22445,3.22516,3.22593,3.22676,3.22764,3.22857,3.22953,3.23052,3.23152,3.23251,3.2335,3.23448,3.23541,3.2363,3.23714,3.23791,3.2386,3.23922,3.23975,3.24019,3.24054,3.24081,3.241,3.2411,3.24115,3.24114,3.24108,3.24099,3.24089,3.24077,3.24065,3.24054,3.24043,3.24033,3.24025,3.24018,3.24013,3.24008,3.24004,3.24001,3.23999,3.23998,3.23998,3.23998
3.3439,3.3439,3.34382,3.34374,3.34366,3.34358,3.34349,3.3434,3.3433,3.3432,3.34307,3.34294,3.3428,3.34264,3.34245,3.34225,3.34202,3.34175,3.34145,3.34111,3.34073,3.3403,3.33983,3.33931,3.33874,3.33813,3.33747,3.33676,3.33602,3.33524,3.33443,3.33359,3.33274,3.33188,3.331,3.33014,3.32929,3.32845,3.32764,3.32687,3.32613,3.32545,3.32482,3.32425,3.32374,3.32331,3.32296,3.32268,3.32249,3.32237,3.32235,3.32241,3.32255,3.32279,3.32311,3.32352,3.324,3.32457,3.32521,3.32592,3.32669,3.32751,3.32837,3.32926,3.33017,3.33111,3.33204,3.33296,3.33385,3.33472,3.33554,3.3363,3.337,3.33763,3.33817,3.33863,3.33901,3.33929,3.3395,3.33962,3.33967,3.33967,3.33961,3.33951,3.33938,3.33924,3.33909,3.33895,3.33881,3.33869,3.33858,3.33849,3.33842,3.33837,3.33832,3.33828,3.33826,3.33824,3.33823,3.33823,3.33823,3.33824
3.44174,3.44174,3.44168,3.44161,3.44154,3.44146,3.44138,3.4413,3.44121,3.44111,3.441,3.44088,3.44076,3.44062,3.44045,3.44028,3.44008,3.43985,3.4396,3.43931,3.43898,3.43862,3.43821,3.43776,3.43727,3.43673,3.43615,3.43553,3.43487,3.43418,3.43346,3.43271,3.43195,3.43117,3.43038,3.4296,3.42883,3.42807,3.42734,3.42664,3.42598,3.42536,3.42479,3.42428,3.42384,3.42346,3.42316,3.42293,3.42279,3.42272,3.42273,3.42283,3.42302,3.42328,3.42363,3.42406,3.42457,3.42515,3.42579,3.4265,3.42726,3.42805,3.42889,3.42974,3.43061,3.43148,3.43234,3.43318,3.43399,3.43474,3.43545,3.43609,3.43666,3.43714,3.43754,3.43786,3.43809,3.43824,3.43831,3.43832,3.43825,3.43814,3.438,3.43783,3.43764,3.43746,3.43728,3.43711,3.43697,3.43684,3.43674,3.43666,3.43659,3.43655,3.43651,3.43649,3.43647,3.43646,3.43646,3.43647,3.43648,3.43648
3.53958,3.53958,3.53953,3.53948,3.53942,3.53935,3.53927,3.5392,3.53911,3.53902,3.53892,3.53881,3.5387,3.53857,3.53843,3.53828,3.53811,3.53792,3.5377,3.53745,3.53717,3.53686,3.53651,3.53612,3.53569,3.53523,3.53472,3.53418,3.5336,3.53299,3.53235,3.53168,3.531,3.53031,3.5296,3.5289,3.5282,3.52752,3.52687,3.52624,3.52564,3.52509,3.52458,3.52413,3.52375,3.52342,3.52317,3.523,3.52289,3.52287,3.52293,3.52307,3.52328,3.52358,3.52395,3.5244,3.52493,3.52551,3.52616,3.52687,3.52761,3.52839,3.52919,3.53,3.53083,3.53163,3.53243,3.53318,3.53389,3.53455,3.53515,3.53567,3.53611,3.53647,3.53674,3.53693,3.53703,3.53706,3.53701,3.5369,3.53675,3.53655,3.53634,3.53611,3.53588,3.53566,3.53546,3.53528,3.53512,3.535,3.5349,3.53482,3.53477,3.53473,3.5347,3.53468,3.53467,3.53467,3.53468,3.53469,3.53472,3.53472
3.63743,3.63743,3.6374,3.63735,3.6373,3.63724,3.63717,3.6371,3.63701,3.63693,3.63684,3.63674,3.63663,3.63652,3.6364,3.63626,3.63611,3.63594,3.63575,3.63554,3.6353,3.63503,3.63473,3.63439,3.63402,3.63362,3.63318,3.6327,3.6322,3.63166,3.6311,3.63051,3.62991,3.62929,3.62866,3.62803,3.62741,3.6268,3.62621,3.62565,3.62512,3.62463,3.62418,3.6238,3.62346,3.62319,3.62299,3.62286,3.6228,3.62282,3.62291,3.62309,3.62334,3.62366,3.62406,3.62453,3.62506,3.62566,3.62631,3.627,3.62773,3.62849,3.62926,3.63003,3.6308,3.63155,3.63227,3.63295,3.63358,3.63414,3.63463,3.63504,3.63537,3.63561,3.63577,3.63584,3.63583,3.63575,3.6356,3.63541,3.63517,3.63491,3.63464,3.63436,3.6341,3.63385,3.63364,3.63345,3.63329,3.63316,3.63306,3.63299,3.63294,3.63291,3.63288,3.63287,3.63287,3.63287,3.63289,3.63291,3.63294,3.63294
3.73529,3.73529,3.73526,3.73523,3.73519,3.73513,3.73507,3.735,3.73492,3.73484,3.73475,3.73466,3.73457,3.73446,3.73435,3.73423,3.73409,3.73394,3.73377,3.73359,3.73338,3.73314,3.73288,3.73259,3.73227,3.73191,3.73153,3.73112,3.73068,3.73021,3.72971,3.72919,3.72866,3.72811,3.72756,3.727,3.72645,3.7259,3.72538,3.72488,3.72441,3.72398,3.7236,3.72326,3.72298,3.72276,3.7226,3.72251,3.72249,3.72255,3.72268,3.72289,3.72317,3.72352,3.72394,3.72442,3.72497,3.72557,3.72621,3.7269,3.72761,3.72835,3.72909,3.72982,3.73054,3.73124,3.73189,3.7325,3.73304,3.73352,3.73391,3.73423,3.73446,3.73459,3.73465,3.73462,3.73451,3.73434,3.73411,3.73384,3.73354,3.73323,3.73291,3.73261,3.73231,3.73205,3.73182,3.73162,3.73146,3.73133,3.73123,3.73116,3.73111,3.73108,3.73107,3.73106,3.73106,3.73107,3.73108,3.73111,3.73115,3.73115
3.83315,3.83315,3.83314,3.83312,3.83308,3.83303,3.83298,3.83291,3.83284,3.83276,3.83268,3.83259,3.8325,3.8324,3.83229,3.83218,3.83205,3.83192,3.83177,3.8316,3.83141,3.8312,3.83097,3.83072,3.83043,3.83013,3.82979,3.82943,3.82904,3.82863,3.82819,3.82774,3.82727,3.82678,3.82629,3.8258,3.82531,3.82483,3.82437,3.82393,3.82352,3.82315,3.82281,3.82252,3.82229,3.82211,3.822,3.82195,3.82197,3.82207,3.82223,3.82246,3.82277,3.82314,3.82358,3.82408,3.82464,3.82524,3.82588,3.82656,3.82726,3.82797,3.82867,3.82938,3.83005,3.83069,3.83129,3.83183,3.8323,3.83269,3.83301,3.83323,3.83337,3.83342,3.83339,3.83328,3.83309,3.83285,3.83256,3.83223,3.83188,3.83153,3.83117,3.83084,3.83053,3.83025,3.83001,3.82981,3.82964,3.82951,3.82941,3.82934,3.82929,3.82926,3.82924,3.82923,3.82923,3.82924,3.82927,3.8293,3.82935,3.82935
3.93103,3.93103,3.93103,3.93102,3.93099,3.93095,3.9309,3.93084,3.93077,3.93069,3.93061,3.93052,3.93043,3.93034,3.93023,3.93013,3.93001,3.92988,3.92974,3.92958,3.92941,3.92922,3.92901,3.92879,3.92854,3.92826,3.92796,3.92765,3.9273,3.92694,3.92655,3.92615,3.92574,3.92531,3.92488,3.92444,3.92401,3.92359,3.92318,3.9228,3.92244,3.92212,3.92183,3.92159,3.9214,3.92127,3.92119,3.92118,3.92124,3.92136,3.92155,3.92182,3.92215,3.92254,3.923,3.9235,3.92407,3.92467,3.92531,3.92598,3.92666,3.92735,3.92803,3.9287,3.92933,3.92993,3.93047,3.93095,3.93135,3.93168,3.93192,3.93208,3.93214,3.93212,3.93201,3.93184,3.93159,3.93128,3.93094,3.93057,3.93019,3.9298,3.92942,3.92907,3.92875,3.92846,3.92821,3.928,3.92783,3.92769,3.92759,3.92751,3.92746,3.92742,3.9274,3.92739,3.92739,3.9274,3.92743,3.92747,3.92752,3.92753
4.02893,4.02893,4.02894,4.02893,4.02891,4.02888,4.02883,4.02877,4.0287,4.02863,4.02855,4.02846,4.02838,4.02828,4.02818,4.02807,4.02796,4.02783,4.0277,4.02755,4.02739,4.02721,4.02702,4.02681,4.02658,4.02633,4.02606,4.02578,4.02547,4.02515,4.02481,4.02445,4.02408,4.0237,4.02332,4.02294,4.02256,4.02218,4.02183,4.0215,4.02119,4.02091,4.02067,4.02047,4.02032,4.02022,4.02018,4.02021,4.02029,4.02044,4.02066,4.02095,4.0213,4.02171,4.02218,4.0227,4.02327,4.02387,4.02451,4.02517,4.02584,4.0265,4.02716,4.0278,4.0284,4.02895,4.02945,4.02988,4.03023,4.0305,4.03069,4.03078,4.03078,4.0307,4.03054,4.03031,4.03001,4.02967,4.02928,4.02888,4.02847,4.02806,4.02767,4.0273,4.02697,4.02667,4.02641,4.02619,4.02601,4.02587,4.02576,4.02568,4.02562,4.02558,4.02555,4.02553,4.02553,4.02554,4.02557,4.02561,4.02568,4.02568
4.12685,4.12685,4.12686,4.12686,4.12684,4.12682,4.12677,4.12671,4.12665,4.12658,4.1265,4.12641,4.12632,4.12623,4.12613,4.12602,4.1259,4.12578,4.12564,4.1255,4.12534,4.12517,4.12499,4.12479,4.12458,4.12435,4.1241,4.12384,4.12356,4.12327,4.12296,4.12264,4.12231,4.12197,4.12163,4.12129,4.12095,4.12063,4.12032,4.12003,4.11976,4.11952,4.11932,4.11916,4.11905,4.11899,4.11898,4.11904,4.11915,4.11932,4.11957,4.11987,4.12024,4.12068,4.12115,4.12168,4.12225,4.12286,4.12349,4.12414,4.1248,4.12545,4.12609,4.1267,4.12727,4.12779,4.12825,4.12863,4.12894,4.12917,4.1293,4.12935,4.12931,4.12918,4.12898,4.12871,4.12838,4.128,4.12759,4.12716,4.12673,4.12631,4.1259,4.12553,4.12518,4.12488,4.12461,4.12438,4.1242,4.12405,4.12393,4.12384,4.12376,4.12371,4.12368,4.12366,4.12365,4.12366,4.12369,4.12373,4.1238,4.1238
4.22478,4.22478,4.2248,4.2248,4.22479,4.22477,4.22473,4.22467,4.22461,4.22454,4.22446,4.22437,4.22428,4.22418,4.22408,4.22396,4.22385,4.22372,4.22359,4.22344,4.22329,4.22312,4.22294,4.22275,4.22254,4.22232,4.22209,4.22184,4.22158,4.22131,4.22103,4.22074,4.22043,4.22013,4.21983,4.21952,4.21922,4.21893,4.21866,4.2184,4.21817,4.21797,4.21781,4.21768,4.2176,4.21757,4.2176,4.21767,4.21781,4.21802,4.21828,4.2186,4.21899,4.21943,4.21992,4.22046,4.22104,4.22164,4.22227,4.22292,4.22357,4.22421,4.22483,4.22541,4.22596,4.22645,4.22688,4.22724,4.22752,4.2277,4.22781,4.22782,4.22774,4.22758,4.22735,4.22705,4.22669,4.22629,4.22586,4.22542,4.22497,4.22454,4.22413,4.22374,4.22339,4.22307,4.2228,4.22256,4.22237,4.22221,4.22208,4.22197,4.22189,4.22183,4.22179,4.22176,4.22175,4.22176,4.22178,4.22183,4.2219,4.2219
4.32274,4.32273,4.32276,4.32276,4.32276,4.32273,4.32269,4.32264,4.32258,4.32251,4.32243,4.32234,4.32225,4.32214,4.32203,4.32192,4.3218,4.32167,4.32153,4.32138,4.32122,4.32106,4.32088,4.32069,4.32048,4.32027,4.32004,4.31981,4.31956,4.3193,4.31903,4.31876,4.31848,4.3182,4.31792,4.31764,4.31737,4.31711,4.31687,4.31664,4.31644,4.31628,4.31614,4.31604,4.31599,4.31599,4.31604,4.31615,4.31631,4.31653,4.31681,4.31716,4.31755,4.31801,4.31851,4.31906,4.31964,4.32025,4.32088,4.32152,4.32216,4.32279,4.3234,4.32397,4.3245,4.32497,4.32538,4.32571,4.32596,4.32613,4.3262,4.32619,4.32609,4.32591,4.32565,4.32533,4.32496,4.32454,4.32411,4.32365,4.3232,4.32276,4.32234,4.32194,4.32158,4.32126,4.32097,4.32072,4.32052,4.32034,4.3202,4.32008,4.31999,4.31992,4.31987,4.31984,4.31982,4.31983,4.31985,4.31989,4.31996,4.31996
4.42071,4.4207,4.42073,4.42074,4.42073,4.42071,4.42067,4.42062,4.42056,4.42049,4.42041,4.42032,4.42022,4.42011,4.42,4.41988,4.41975,4.41962,4.41947,4.41932,4.41916,4.41899,4.41881,4.41861,4.41841,4.41819,4.41797,4.41774,4.4175,4.41724,4.41698,4.41672,4.41646,4.41619,4.41593,4.41567,4.41542,4.41518,4.41496,4.41476,4.41459,4.41444,4.41433,4.41426,4.41424,4.41426,4.41433,4.41446,4.41464,4.41488,4.41518,4.41554,4.41596,4.41643,4.41694,4.41749,4.41808,4.41869,4.41933,4.41997,4.42061,4.42123,4.42183,4.42239,4.42291,4.42337,4.42376,4.42408,4.42431,4.42446,4.42452,4.42449,4.42438,4.42418,4.42391,4.42358,4.42319,4.42277,4.42232,4.42186,4.4214,4.42095,4.42052,4.42012,4.41974,4.41941,4.41911,4.41885,4.41863,4.41844,4.41829,4.41816,4.41806,4.41798,4.41792,4.41788,4.41787,4.41787,4.41789,4.41792,4.41799,4.41799
4.5187,4.5187,4.51872,4.51873,4.51872,4.5187,4.51866,4.51862,4.51855,4.51848,4.51839,4.5183,4.5182,4.51809,4.51797,4.51785,4.51771,4.51757,4.51742,4.51726,4.51709,4.51692,4.51673,4.51653,4.51633,4.51611,4.51588,4.51565,4.51541,4.51516,4.5149,4.51464,4.51438,4.51413,4.51387,4.51363,4.51339,4.51317,4.51296,4.51278,4.51263,4.5125,4.51241,4.51236,4.51236,4.5124,4.51249,4.51264,4.51284,4.5131,4.51342,4.51379,4.51422,4.5147,4.51522,4.51579,4.51639,4.51701,4.51764,4.51829,4.51893,4.51955,4.52015,4.52071,4.52122,4.52167,4.52206,4.52237,4.52259,4.52273,4.52278,4.52274,4.52262,4.52241,4.52213,4.52179,4.5214,4.52097,4.52052,4.52005,4.51958,4.51912,4.51868,4.51826,4.51788,4.51753,4.51722,4.51695,4.51671,4.51651,4.51634,4.5162,4.51609,4.516,4.51595,4.5159,4.51588,4.51588,4.5159,4.51594,4.51599,4.51599
4.61671,4.61671,4.61673,4.61673,4.61673,4.61671,4.61667,4.61662,4.61656,4.61648,4.61639,4.61629,4.61619,4.61607,4.61595,4.61582,4.61568,4.61553,4.61537,4.61521,4.61504,4.61485,4.61466,4.61446,4.61424,4.61402,4.61379,4.61355,4.61331,4.61305,4.6128,4.61254,4.61228,4.61203,4.61177,4.61153,4.6113,4.61109,4.61089,4.61072,4.61058,4.61047,4.61039,4.61036,4.61037,4.61043,4.61054,4.6107,4.61092,4.6112,4.61153,4.61192,4.61236,4.61285,4.6134,4.61397,4.61458,4.61521,4.61586,4.61651,4.61716,4.61779,4.61839,4.61895,4.61947,4.61992,4.6203,4.62061,4.62083,4.62097,4.62101,4.62097,4.62084,4.62063,4.62034,4.61999,4.61959,4.61915,4.61869,4.61821,4.61773,4.61726,4.61681,4.61638,4.61598,4.61561,4.61529,4.615,4.61475,4.61453,4.61435,4.61421,4.61409,4.614,4.61393,4.6139,4.61388,4.61388,4.61389,4.61393,4.61397,4.61397
4.71473,4.71473,4.71474,4.71475,4.71475,4.71473,4.71469,4.71464,4.71457,4.71449,4.7144,4.7143,4.71418,4.71406,4.71393,4.71379,4.71365,4.7135,4.71333,4.71316,4.71298,4.71279,4.71259,4.71238,4.71216,4.71194,4.71169,4.71145,4.7112,4.71094,4.71068,4.71042,4.71016,4.7099,4.70965,4.7094,4.70918,4.70896,4.70877,4.7086,4.70847,4.70837,4.7083,4.70827,4.7083,4.70837,4.70849,4.70867,4.70891,4.7092,4.70955,4.70995,4.71041,4.71092,4.71148,4.71208,4.7127,4.71335,4.71401,4.71468,4.71534,4.71598,4.71659,4.71717,4.71769,4.71815,4.71854,4.71885,4.71907,4.71921,4.71925,4.7192,4.71907,4.71885,4.71855,4.71819,4.71779,4.71733,4.71686,4.71636,4.71586,4.71537,4.7149,4.71445,4.71404,4.71365,4.71331,4.71301,4.71275,4.71252,4.71233,4.71217,4.71205,4.71196,4.7119,4.71186,4.71184,4.71185,4.71187,4.71191,4.71194,4.71194
4.81275,4.81275,4.81277,4.81278,4.81278,4.81276,4.81272,4.81267,4.8126,4.81251,4.81242,4.81231,4.81219,4.81206,4.81193,4.81178,4.81163,4.81147,4.8113,4.81113,4.81094,4.81074,4.81053,4.81032,4.81009,4.80985,4.80961,4.80935,4.80909,4.80883,4.80856,4.80829,4.80802,4.80776,4.8075,4.80725,4.80702,4.80681,4.80661,4.80645,4.80631,4.80621,4.80615,4.80613,4.80616,4.80624,4.80638,4.80657,4.80682,4.80712,4.80749,4.80791,4.80839,4.80892,4.8095,4.81012,4.81077,4.81144,4.81212,4.81281,4.8135,4.81416,4.81479,4.81539,4.81592,4.8164,4.8168,4.81712,4.81735,4.81749,4.81753,4.81748,4.81734,4.81711,4.8168,4.81643,4.816,4.81553,4.81502,4.8145,4.81398,4.81346,4.81296,4.81249,4.81205,4.81165,4.81129,4.81098,4.8107,4.81046,4.81027,4.81011,4.80998,4.80989,4.80983,4.8098,4.80979,4.80981,4.80984,4.80988,4.80992,4.80992
4.81275,4.81275,4.81277,4.81278,4.81278,4.81276,4.81272,4.81267,4.8126,4.81252,4.81242,4.81231,4.81219,4.81206,4.81193,4.81178,4.81163,4.81147,4.8113,4.81112,4.81094,4.81074,4.81053,4.81032,4.81009,4.80985,4.80961,4.80935,4.8091,4.80883,4.80856,4.80829,4.80802,4.80776,4.8075,4.80725,4.80702,4.80681,4.80661,4.80645,4.80631,4.80621,4.80615,4.80613,4.80616,4.80624,4.80638,4.80657,4.80682,4.80712,4.80749,4.80791,4.80839,4.80892,4.8095,4.81012,4.81077,4.81144,4.81213,4.81281,4.8135,4.81416,4.81479,4.81539,4.81592,4.8164,4.8168,4.81712,4.81735,4.81749,4.81753,4.81748,4.81734,4.81711,4.8168,4.81643,4.816,4.81552,4.81502,4.8145,4.81398,4.81346,4.81296,4.81249,4.81205,4.81165,4.81129,4.81098,4.8107,4.81047,4.81027,4.81011,4.80999,4.80989,4.80983,4.8098,4.80979,4.80981,4.80984,4.80988,4.80992,4.80992
